student_id,year,days_in_hostel,past_escalation_count,behavior_count_7d,behavior_count_30d,severe_behavior_count_30d,behavior_weighted_score_30d,days_since_last_behavior,incident_count_30d,severe_incident_count_30d,incident_trend_slope,complaint_count_30d,high_severity_complaint_count_30d,complaint_growth_rate,avg_stress_4weeks,stress_trend_slope,mood_instability_score,missed_survey_count,block_risk_score,floor_risk_score,room_risk_score,roommate_avg_risk_score,risk_score,risk_level
S_1000,2,677,0,1,1,0,0.07833333146825402,61,0.0,0,-0.603,0.857142734693895,0,0.87,0.15555553827160687,-0.093,2.4,4,0.8115575850357827,1.9,0.767499808125048,3.95,12.476509279893254,Medium
S_1001,4,134,0,0,2,0,0.22738094696712033,70,0.33333322222225925,0,-0.473,0.0,0,0.19,0.6555554827160576,0.424,9.4,2,0.48743706345802423,1.05,0.1374999656250086,4.54,14.339245950424353,Medium
S_1002,4,248,2,0,1,0,0.18738094791950125,71,0.0,0,0.351,0.57142848979593,1,0.38,0.5444443839506241,-0.426,3.9,2,0.17839191497690576,1.51,0.18499995375001155,3.22,17.474724797679166,High
S_1003,4,385,0,2,4,0,0.31619046866213174,3,0.0,0,-0.445,0.57142848979593,1,0.88,0.7777776913580343,-0.398,4.4,4,0.954773629453862,4.99,0.8624997843750539,3.09,12.488534657856327,Medium
S_1004,4,616,1,0,1,0,0.143333329920635,25,0.0,0,-0.56,0.4285713673469475,1,0.63,0.2777777469135837,-0.466,8.4,0,0.1934672880735457,1.5,0.9949997512500622,2.21,11.791942755770222,Low
S_1005,4,586,0,0,1,0,0.2680952317120183,19,0.6666664444445185,0,-0.702,0.7142856122449125,0,0.64,0.766666581481491,0.243,1.9,5,0.6080400482311437,2.74,0.657499835625041,2.72,14.381895716885136,Medium
S_1006,4,935,0,1,2,0,0.1483333298015874,7,0.0,0,-0.671,0.9999998571428775,0,0.16,0.31111107654321374,0.111,8.1,1,0.11306529822479942,3.65,0.7974998006250499,2.89,11.088397832795057,Low
S_1007,4,920,0,1,3,0,0.11071428307823135,0,0.33333322222225925,0,0.228,0.9999998571428775,2,0.35,0.6888888123456876,0.145,3.8,2,0.22361803426682553,3.14,0.7099998225000443,1.63,10.592426346491203,Low
S_1008,3,417,2,0,5,0,0.0473809512528345,16,0.33333322222225925,0,0.053,0.0,1,0.06,0.24444441728395366,0.037,7.7,3,0.6055274860483704,3.45,0.559999860000035,4.81,21.295002978325584,High
S_1009,4,453,0,0,0,0,0.16761904362811803,18,0.33333322222225925,0,-0.638,0.1428571224489825,1,0.2,0.9111110098765545,-0.455,3.5,2,0.1105527360420261,2.35,0.8024997993750501,2.46,10.247456406870885,Low
S_1010,2,1087,1,0,1,0,0.5909523668820865,0,0.33333322222225925,0,0.24,0.0,1,0.11,0.6888888123456876,-0.176,5.7,1,0.09045223857983951,4.39,0.7649998087500477,1.14,12.387975060430033,Medium
S_1011,4,185,0,0,4,0,0.025476189869614526,26,0.33333322222225925,0,-0.754,0.7142856122449125,1,0.15,0.33333329629630043,-0.3,6.2,4,0.21105522335295898,2.01,0.11749997062500733,2.29,7.931054514257321,Low
S_1012,4,92,0,0,1,0,0.2404761847505671,42,0.0,0,0.527,0.857142734693895,0,0.27,0.09999998888889013,-0.067,9.2,3,0.603014923865597,1.57,0.8174997956250509,4.8,14.439728505421861,Medium
S_1013,1,60,3,0,2,0,0.3583333248015875,54,0.0,0,-0.007,0.4285713673469475,0,0.83,0.5444443839506241,-0.004,7.7,3,0.5653264911239971,3.44,0.4749998812500297,2.21,21.492802114574587,High
S_1014,1,744,0,1,0,0,0.13404761585600916,16,0.33333322222225925,0,-0.658,0.57142848979593,0,0.26,0.5222221641975374,-0.317,7.5,3,0.4949747500063443,3.68,0.7624998093750476,2.95,11.397640355175717,Low
S_1015,3,1018,0,1,1,0,0.11047618784580505,0,0.0,0,-0.156,0.9999998571428775,1,0.43,0.6444443728395142,0.18,3.2,5,0.19597985025631903,2.59,0.21499994625001345,3.17,11.590741139098059,Low
S_1016,2,966,0,0,2,0,0.28833332646825416,29,0.33333322222225925,0,0.323,0.1428571224489825,1,0.88,0.2999999666666704,-0.262,6.1,2,0.6758792271660233,4.13,0.7299998175000456,2.72,10.10259265313563,Low
S_1017,4,620,3,0,3,0,0.41785713290816356,6,0.0,0,-0.03,0.9999998571428775,1,0.38,0.8111110209876645,-0.422,2.4,0,0.8090450228530094,2.38,0.9499997625000594,3.74,27.031948723826368,High
S_1018,4,202,0,2,3,0,0.5742857006122453,68,0.33333322222225925,0,-0.564,0.7142856122449125,1,0.88,0.3222221864197571,-0.205,8.0,4,0.39447226269541136,1.26,0.767499808125048,3.23,13.097566431198118,Medium
S_1019,3,78,2,2,1,0,0.26571427938775527,84,0.33333322222225925,1,0.998,0.1428571224489825,2,0.29,0.799999911111121,0.068,7.3,5,0.7336681573698096,2.61,0.14499996375000906,3.22,24.0825245679312,High
S_1020,1,447,1,0,5,0,0.052857141598639495,37,0.9999996666667778,0,0.849,0.7142856122449125,1,0.75,0.9111110098765545,-0.19,2.1,1,0.047738681472693084,2.88,0.16749995812501045,2.31,15.943213276638454,Medium
S_1021,3,969,0,3,3,0,0.09142856925170074,66,0.0,0,0.043,0.1428571224489825,2,0.73,0.44444439506173394,-0.429,7.0,5,0.15829141751471917,4.42,0.8799997800000549,1.65,6.253624115353098,Low
S_1022,2,641,0,1,2,0,0.44214284661564657,29,0.0,0,-0.701,0.57142848979593,0,0.82,0.45555550493827723,-0.282,7.8,1,0.25376878046010537,3.22,0.06999998250000437,4.76,13.185720779713744,Medium
S_1023,4,370,0,0,4,1,0.4528571320748302,49,0.0,0,-0.387,0.285714244897965,0,0.9,0.5444443839506241,-0.263,3.4,0,0.5301506205651707,3.71,0.28999992750001813,3.82,15.7874835134375,Medium
S_1024,2,569,0,0,4,0,0.966428548418368,37,0.33333322222225925,0,-0.69,0.0,1,0.73,0.5222221641975374,0.025,2.7,2,0.5653264911239971,2.92,0.40999989750002563,2.71,12.321278090638542,Medium
S_1025,3,821,0,2,2,1,0.07833333146825402,34,0.0,0,-0.502,0.1428571224489825,2,0.41,0.09999998888889013,-0.409,2.3,1,0.7989947741219161,3.63,0.8824997793750552,1.2,8.966708538841424,Low
S_1026,1,860,0,0,3,0,0.04999999880952384,81,0.0,0,0.099,0.57142848979593,0,0.09,0.05555554938271674,-0.313,6.6,5,0.48492450127525094,4.82,0.4399998900000274,2.68,7.558447905443888,Low
S_1027,4,113,0,0,3,0,0.23619047056689357,66,0.33333322222225925,0,-0.031,0.1428571224489825,0,0.82,0.3999999555555605,0.438,2.8,1,0.1206029847731194,4.27,0.3349999162500209,2.25,9.360888007205267,Low
S_1028,4,1146,0,0,3,0,0.37928570525510225,63,0.0,0,-0.423,0.285714244897965,0,0.54,0.8777776802469245,0.303,9.2,2,0.13567835786975935,2.26,0.6824998293750426,1.56,9.569296662921854,Low
S_1029,4,630,0,1,3,0,0.16357142467687086,71,0.0,0,-0.227,0.7142856122449125,1,0.6,0.766666581481491,-0.113,8.1,0,0.2412059695462388,1.33,0.3499999125000218,2.31,9.554491037511193,Low
S_1030,1,204,0,0,1,0,0.16785713886054432,76,0.0,0,-0.638,0.9999998571428775,0,0.5,0.922222119753098,0.123,6.0,3,0.7311555951870364,4.94,0.9249997687500578,3.63,15.357392622813835,Medium
S_1031,4,968,0,1,1,1,0.4364285610374153,55,0.0,0,0.761,0.7142856122449125,1,0.47,0.8555554604938377,0.486,8.4,3,0.66582897843493,4.96,0.7499998125000469,1.01,14.462351892518607,Medium
S_1032,2,43,0,1,1,0,0.332857134931973,32,0.0,0,-0.985,0.285714244897965,2,0.23,0.03333332962963005,-0.291,1.1,1,0.40200994924373135,4.84,0.5674998581250355,1.4,5.425009548974542,Low
S_1033,3,150,0,0,0,0,0.05690476054988666,11,0.0,0,0.924,0.57142848979593,2,0.77,0.7111110320987744,0.247,2.3,1,0.6532661675210635,2.29,0.897499775625056,3.45,13.28917007630902,Medium
S_1034,4,735,2,1,3,0,0.13047618736961458,52,0.33333322222225925,0,0.019,0.9999998571428775,1,0.69,0.5444443839506241,-0.479,1.1,1,0.6432159187899702,3.83,0.2949999262500185,4.72,22.739976866203257,High
S_1035,1,932,0,1,0,0,0.16785713886054432,20,0.0,0,-0.654,0.1428571224489825,0,0.27,0.38888884567901716,0.144,9.1,2,0.16331654188026584,1.12,0.4299998925000269,1.41,6.0872685253969685,Low
S_1036,2,862,0,0,1,0,0.18166666234126996,35,0.0,0,-0.614,0.7142856122449125,1,0.25,0.38888884567901716,0.458,2.8,5,0.6432159187899702,1.8,0.022499994375001425,3.19,11.124453656090658,Low
S_1037,4,993,0,1,4,0,0.24523808939909314,79,0.33333322222225925,0,-0.944,0.0,2,0.2,0.3999999555555605,-0.158,1.9,3,0.8643213908740224,1.12,0.8699997825000545,2.3,9.82403475740487,Low
S_1038,1,1054,1,0,6,0,0.39238094303854903,43,0.0,0,0.14,0.57142848979593,2,0.76,0.11111109876543349,0.023,3.5,4,0.6608038540693834,4.56,0.8574997856250535,1.94,12.955136530323298,Medium
S_1039,2,242,0,0,1,1,0.030952380215419517,68,0.0,0,0.048,0.4285713673469475,2,0.85,0.46666661481482064,0.178,3.5,5,0.713567659907623,2.03,0.7024998243750439,2.48,13.784567028442325,Medium
S_1040,2,364,0,2,0,0,0.11071428307823135,2,0.33333322222225925,0,-0.938,0.0,1,0.1,0.8333332407407511,0.095,9.3,1,0.5125626852857574,3.98,0.28999992750001813,4.77,14.654704778409519,Medium
S_1041,1,335,0,1,2,0,0.18499999559523822,9,0.0,0,0.557,0.7142856122449125,0,0.41,0.5555554938271674,0.323,4.1,3,0.728643033004263,4.06,0.05499998625000343,2.01,9.154880698261312,Low
S_1042,2,861,0,1,2,0,0.1266666636507937,89,0.0,0,0.077,0.0,1,0.49,0.36666662592593047,-0.245,6.1,3,0.7713565901114094,4.57,0.34749991312502176,4.8,12.056356285091624,Medium
S_1043,3,744,0,2,2,0,0.13452380632086175,81,0.33333322222225925,0,-0.486,0.285714244897965,0,0.71,0.4888888345679073,-0.304,4.9,0,0.5276380583823974,1.98,0.7324998168750458,2.8,10.426303771261503,Low
S_1044,3,511,2,1,2,0,0.10119047378117921,12,0.0,0,-0.346,0.9999998571428775,2,0.67,0.26666663703704035,0.404,8.3,4,0.344221019039945,2.79,0.8199997950000513,1.73,17.35579165578046,High
S_1045,3,826,0,1,0,0,0.3411904680668936,53,0.0,0,0.902,0.1428571224489825,2,0.98,0.46666661481482064,0.384,8.8,4,0.7311555951870364,4.57,0.6424998393750401,1.38,8.253440767480225,Low
S_1046,2,253,0,0,1,0,0.5102380830895695,37,0.33333322222225925,1,0.687,0.7142856122449125,2,0.68,0.799999911111121,0.076,5.5,1,0.4723616903613843,3.28,0.32249991937502015,2.3,16.228646402870098,Medium
S_1047,2,1023,0,0,1,0,0.1252380922562359,31,0.0,0,0.328,0.4285713673469475,1,0.57,0.26666663703704035,0.47,2.8,5,0.7085425355420765,2.01,0.5749998562500359,3.44,11.711399170615874,Low
S_1048,4,445,0,0,3,0,0.4540476082369617,54,0.33333322222225925,0,0.545,0.7142856122449125,2,0.04,0.6555554827160576,-0.107,5.8,3,0.9070349479811688,2.43,0.2274999431250142,1.51,9.925414998246858,Low
S_1049,4,631,0,1,2,0,0.1609523771201815,60,0.33333322222225925,0,-0.371,0.57142848979593,2,0.32,0.7777776913580343,0.363,4.9,0,0.11809042259034608,3.94,0.49999987500003124,2.11,11.023137024283695,Low
S_1050,4,703,0,0,1,0,0.10904761645124723,1,0.0,0,0.249,0.0,0,0.45,0.5333332740740807,-0.302,9.0,0,0.47487425254415766,4.27,0.09999997500000622,1.77,5.538016874120154,Low
S_1051,4,642,0,1,0,0,0.2204761852267575,2,0.33333322222225925,0,0.15,0.285714244897965,1,0.61,0.5777777135802541,0.122,3.3,0,0.6909546002626632,4.55,0.7499998125000469,4.42,15.241144078146498,Medium
S_1052,1,214,0,0,2,0,0.3633333246825399,19,0.0,0,0.402,0.57142848979593,0,0.81,0.7777776913580343,0.49,2.5,1,0.9497485050883152,1.0,0.9374997656250585,2.52,13.410938064052015,Medium
S_1053,3,915,0,1,1,0,0.12261904469954656,81,0.33333322222225925,0,-0.786,0.57142848979593,2,0.36,0.5555554938271674,-0.235,9.5,0,0.8140701472185559,3.15,0.5349998662500335,2.06,9.711450141557403,Low
S_1054,4,657,0,0,1,0,0.22857142312925188,15,0.0,1,0.641,0.9999998571428775,2,0.35,0.4999999444444507,0.116,9.9,5,0.603014923865597,3.87,0.624999843750039,2.44,15.150728428372535,Medium
S_1055,4,410,0,0,1,0,0.24761904172335616,74,0.0,0,-0.143,0.1428571224489825,1,0.12,0.0888888790123468,0.224,1.7,4,0.2135677855357323,4.58,0.7449998137500465,1.91,7.266805420140899,Low
S_1056,4,402,0,0,0,0,0.028571427891156485,11,0.0,0,0.267,0.9999998571428775,0,0.36,0.6777777024691441,0.384,9.8,3,0.32914564594330503,2.06,0.21499994625001345,2.88,11.40619264380999,Low
S_1057,3,761,0,1,3,0,0.24642856556122467,33,0.33333322222225925,0,-0.857,0.57142848979593,1,0.85,0.8111110209876645,-0.215,7.2,3,0.3115577106638917,1.48,0.43499989125002725,3.92,13.90703289906925,Medium
S_1058,3,934,0,0,1,0,0.12023809237528352,3,0.0,0,-0.591,0.285714244897965,2,0.12,0.6666665925926009,-0.139,8.7,4,0.22361803426682553,4.36,0.512499871875032,4.73,13.362760322716474,Medium
S_1059,2,1022,0,0,2,0,0.4747618934580502,83,0.6666664444445185,0,-0.365,0.1428571224489825,2,0.93,0.4222221753086472,-0.437,9.8,1,0.21105522335295898,4.76,0.3324999168750208,3.21,11.398720841634614,Low
S_1060,4,405,5,1,3,0,0.4002380857086171,86,0.33333322222225925,0,0.974,0.1428571224489825,0,0.59,0.9111110098765545,0.024,9.1,4,0.10050248731093281,4.29,0.5374998656250336,2.9,32.243263416881256,High
S_1061,2,281,0,0,0,0,0.23547618486961466,38,0.0,0,-0.01,0.857142734693895,0,0.22,0.6666665925926009,-0.154,1.9,1,0.7261304708214897,4.15,0.4824998793750302,3.05,11.903844031345987,Low
S_1062,2,1049,0,1,1,0,0.25357142253401377,51,0.0,0,-0.744,0.4285713673469475,2,0.49,0.4777777246913639,-0.106,2.2,1,0.2135677855357323,4.96,0.044999988750002794,2.32,7.782757939405766,Low
S_1063,3,125,5,0,4,0,0.30571427843537435,31,0.33333322222225925,0,-0.703,0.7142856122449125,2,0.89,0.7888888012345777,0.177,5.8,0,0.281406964470612,2.4,0.13499996625000843,4.91,36.43778702713709,High
S_1064,1,661,0,0,2,0,0.012142856853741505,20,0.0,0,0.366,0.857142734693895,0,0.29,0.26666663703704035,0.372,3.8,5,0.10804017385925278,3.32,0.41249989687502575,2.17,8.567753918669439,Low
S_1065,1,902,0,0,0,1,0.22857142312925188,80,0.33333322222225925,0,-0.857,0.857142734693895,1,0.8,0.46666661481482064,-0.419,9.0,2,0.2185929099012789,4.27,0.6274998431250391,1.86,13.155591846038142,Medium
S_1066,3,666,0,0,3,0,0.1611904723526078,62,0.6666664444445185,0,0.784,0.57142848979593,1,0.97,0.02222221975308669,-0.496,6.0,2,0.6155777347794636,4.46,0.6124998468750383,2.87,10.28167181777204,Low
S_1067,2,1154,0,0,0,2,0.32238094470521567,46,0.0,0,-0.615,0.7142856122449125,2,0.48,0.1444444283950635,-0.226,3.6,4,0.04271355710714644,3.22,0.47749988062502985,2.97,17.31476066214787,High
S_1068,3,1076,0,1,4,0,0.46690475078798216,41,0.0,0,0.066,0.9999998571428775,2,0.68,0.7222221419753176,-0.088,2.3,4,0.2939697753844785,1.19,0.1374999656250086,1.9,9.760350099210148,Low
S_1069,1,1079,0,0,4,0,0.1016666642460318,43,0.0,0,0.968,0.1428571224489825,1,0.03,0.5888888234567974,0.237,6.8,1,0.7236179086387163,4.06,0.4524998868750283,4.76,13.979998390395226,Medium
S_1070,4,122,0,0,1,0,0.2785714219387757,43,0.0,0,-0.07,0.285714244897965,0,0.8,0.988888779012358,-0.27,4.1,0,0.44974863071642446,4.87,0.007499998125000475,4.51,13.318557719615757,Medium
S_1071,2,281,1,2,2,0,0.14642856794217696,60,0.33333322222225925,0,0.094,0.4285713673469475,0,0.71,0.8222221308642078,0.006,7.6,4,0.6457284809727434,4.31,0.38999990250002436,4.99,20.180822783752618,High
S_1072,3,887,0,0,2,0,0.6254761755839006,55,0.0,0,0.047,0.9999998571428775,0,0.3,0.8111110209876645,0.023,8.2,1,0.9221103210778089,1.88,0.38999990250002436,3.88,15.817871430078307,Medium
S_1073,4,1147,0,0,0,0,0.55142855829932,1,0.0,0,-0.514,0.7142856122449125,1,0.18,0.1444444283950635,0.362,8.4,0,0.7989947741219161,2.68,0.26999993250001686,4.12,13.819184823694926,Medium
S_1074,1,571,0,0,1,0,0.2673809460147394,82,0.0,0,-0.263,0.9999998571428775,2,0.57,0.6555554827160576,-0.388,5.7,0,0.610552610413917,4.32,0.7424998143750464,3.08,12.248361239642158,Medium
S_1075,3,534,2,0,2,0,0.1492857107312926,66,0.0,0,0.977,0.1428571224489825,0,0.0,0.3999999555555605,-0.107,6.8,1,0.40452251142650464,4.09,0.14249996437500892,3.92,18.249093683935047,High
S_1076,2,560,0,1,4,0,0.1742857101360545,20,0.33333322222225925,0,0.105,0.7142856122449125,1,0.24,0.7555554716049476,0.148,4.0,5,0.8391957690462892,4.86,0.4249998937500266,2.32,11.84328999292595,Low
S_1077,1,969,3,0,2,1,0.07809523623582772,41,0.6666664444445185,0,-0.718,0.9999998571428775,0,0.94,0.2111110876543236,-0.211,7.1,5,0.6206028591450103,3.42,0.05749998562500359,2.08,25.34122084968478,High
S_1078,4,158,0,1,0,0,0.3059523736678007,61,0.0,0,-0.644,0.57142848979593,2,0.05,0.5555554938271674,0.211,5.6,0,0.2412059695462388,1.96,0.6174998456250386,3.17,11.96558624287308,Low
S_1079,4,471,0,0,2,0,0.06404761752267578,61,0.0,0,0.852,0.1428571224489825,2,0.96,0.7333332518518609,0.283,6.3,1,0.18090447715967908,3.82,0.4374998906250273,3.49,11.27976111143131,Low
S_1080,2,908,0,0,2,0,0.2769047553117916,10,0.0,0,-0.1,0.0,2,0.02,0.9111110098765545,0.002,5.0,5,0.9497485050883152,2.79,0.9774997556250611,3.78,14.032795311903474,Medium
S_1081,2,720,1,0,0,0,0.064999998452381,65,0.0,0,-0.038,0.285714244897965,1,0.56,0.7111110320987744,0.408,5.4,4,0.7688440279286362,1.55,0.607499848125038,4.51,18.719605305628107,High
S_1082,4,53,0,1,2,1,0.1733333292063493,36,0.0,1,-0.122,0.9999998571428775,0,0.59,0.9333332296296413,0.221,6.1,2,0.7587937791975429,4.94,0.7599998100000475,1.67,19.380792789991364,High
S_1083,3,221,0,0,2,0,0.500476178560091,78,0.33333322222225925,0,0.56,0.285714244897965,0,0.86,0.9777776691358147,0.307,5.0,5,0.3668340786849048,1.74,0.6699998325000419,3.34,15.007023443235413,Medium
S_1084,4,786,0,2,2,0,0.0354761896315193,9,0.0,0,0.915,0.285714244897965,0,0.85,0.9333332296296413,0.204,2.8,5,0.18090447715967908,2.49,0.9699997575000605,1.19,8.386760739739213,Low
S_1085,4,278,1,0,2,0,0.12619047318594112,32,0.0,0,-0.471,0.7142856122449125,0,0.61,0.38888884567901716,0.124,1.4,0,0.7160802220903965,1.33,0.06749998312500421,2.91,13.892889369425106,Medium
S_1086,2,626,0,0,2,0,0.1435714251530613,52,0.33333322222225925,1,0.769,0.1428571224489825,0,0.59,0.766666581481491,-0.476,7.9,1,0.9597987538194085,1.97,0.032499991875002,2.4,12.88922666903781,Medium
S_1087,1,896,0,0,2,0,0.0011904761621315198,73,0.0,0,0.545,0.4285713673469475,0,0.07,0.38888884567901716,-0.032,6.9,4,0.736180719552583,4.71,0.46999988250002933,2.62,8.879561184769983,Low
S_1088,2,359,0,1,5,0,0.5783333195634924,34,0.6666664444445185,0,-0.39,0.285714244897965,0,0.61,0.5888888234567974,0.401,7.8,3,0.11809042259034608,2.57,0.672499831875042,3.15,14.638184338530785,Medium
S_1089,3,1092,0,0,4,0,0.12904761597505676,79,0.0,0,0.619,0.285714244897965,1,0.04,0.5222221641975374,0.245,3.1,2,0.6834169137143433,2.89,0.9674997581250605,2.3,10.233654260278177,Low
S_1090,1,219,0,1,1,0,0.17119047211451258,19,0.0,0,0.824,0.4285713673469475,0,0.41,0.9666665592592711,0.289,9.4,1,0.12562810913866604,3.43,0.25749993562501605,3.46,12.409341809203944,Medium
S_1091,3,527,0,0,0,0,0.31761904005668956,31,0.0,0,0.412,0.57142848979593,1,0.95,0.5666666037037107,0.412,7.2,3,0.40452251142650464,3.29,0.3624999093750227,1.48,8.70923624104961,Low
S_1092,4,807,0,2,3,0,0.10380952133786853,40,0.0,0,0.016,0.7142856122449125,2,0.61,0.6222221530864275,-0.097,2.6,2,0.9497485050883152,1.28,0.28999992750001813,1.76,8.462414607851064,Low
S_1093,4,1148,0,0,5,0,0.2547618986961453,21,0.33333322222225925,0,-0.444,0.0,1,0.25,0.36666662592593047,-0.087,6.4,1,0.876884201787889,4.52,0.9674997581250605,4.15,13.802168958571016,Medium
S_1094,4,798,0,0,2,0,0.4021428475680275,17,0.33333322222225925,0,0.083,0.1428571224489825,1,0.02,0.18888886790123693,0.053,9.3,1,0.08291455203151961,4.05,0.5099998725000319,3.88,12.027723355004118,Medium
S_1095,4,1153,0,0,1,0,0.2876190407709752,47,0.0,1,0.803,0.285714244897965,1,0.7,0.2111110876543236,-0.054,5.8,2,0.4095476357920513,1.11,0.2749999312500172,1.7,10.319166373363913,Low
S_1096,4,346,0,0,0,2,0.2895238026303857,48,0.0,0,0.407,0.57142848979593,1,0.69,0.7777776913580343,0.425,8.0,4,0.43216069543701124,3.76,0.927499768125058,4.31,24.101921693244243,High
S_1097,3,697,0,0,2,0,0.22857142312925188,65,0.0,0,-0.791,0.1428571224489825,1,0.2,0.7222221419753176,0.059,5.7,3,0.8040198984874626,4.74,0.09749997562500606,2.83,9.915114789949149,Low
S_1098,2,1035,1,0,2,0,0.4883333217063496,42,0.0,1,-0.421,0.285714244897965,0,0.07,0.07777776913580343,0.087,6.8,5,0.12311554695589272,2.94,0.9049997737500566,3.2,18.776876856778394,High
S_1099,4,596,1,1,2,0,0.17714285292517018,56,0.0,0,-0.169,0.57142848979593,2,0.18,0.9333332296296413,-0.066,4.3,3,0.27889440228783857,4.52,0.9049997737500566,3.28,16.991179177044245,Medium
S_1100,3,636,2,0,3,0,0.3607142771258506,63,0.33333322222225925,0,-0.301,0.285714244897965,0,0.88,0.6111110432098842,-0.163,5.7,5,0.022613059644959906,4.07,0.9699997575000605,2.58,19.283516692114993,High
S_1101,2,685,0,1,2,0,0.12333333039682547,20,0.0,0,0.051,0.285714244897965,1,0.65,0.05555554938271674,0.021,4.9,5,0.5351757449307173,2.65,0.4599998850000287,3.11,8.82527064406533,Low
S_1102,3,970,0,0,2,0,0.0883333312301588,59,0.6666664444445185,0,0.695,0.9999998571428775,1,0.37,0.04444443950617338,-0.097,6.9,0,0.8040198984874626,3.82,0.5249998687500328,2.02,10.098351995815836,Low
S_1103,4,838,0,2,1,0,0.37880951479024966,56,0.0,0,0.32,0.57142848979593,0,0.43,0.7111110320987744,-0.422,9.5,0,0.25376878046010537,2.08,0.9524997618750594,2.73,11.187386924469156,Low
S_1104,4,407,3,1,3,0,0.16428571037414974,65,0.0,0,-0.641,0.4285713673469475,1,0.75,0.22222219753086697,0.087,4.1,1,0.3693466408676782,2.32,0.5799998550000361,1.86,19.440012809276695,High
S_1105,1,624,0,1,1,0,0.49476189298185974,23,0.0,0,0.067,0.857142734693895,2,0.52,0.16666664814815021,-0.404,7.8,3,0.25376878046010537,4.62,0.897499775625056,1.26,7.4593394244880376,Low
S_1106,4,900,0,0,2,0,0.13333333015873022,54,0.33333322222225925,0,-0.291,0.1428571224489825,2,0.41,0.7888888012345777,0.145,3.3,3,0.24371853172901212,2.04,0.8074997981250506,2.06,10.32109843372378,Low
S_1107,2,651,0,0,1,0,0.13666666341269848,39,0.33333322222225925,0,-0.112,0.4285713673469475,1,0.2,0.28888885679012705,0.412,3.1,1,0.9572861916366352,3.72,0.8049997987500502,2.56,11.645094751105885,Low
S_1108,2,722,0,0,0,0,0.35261903922335625,31,0.0,0,0.599,0.9999998571428775,2,0.15,0.8999999000000112,0.005,5.2,2,0.03266330837605314,1.37,0.2199999450000137,4.33,14.900519730331938,Medium
S_1109,2,721,0,0,4,0,0.21333332825396842,21,0.33333322222225925,0,-0.261,0.285714244897965,1,0.5,0.8111110209876645,0.212,1.8,1,0.13065323350421268,2.0,0.07749998062500485,4.77,14.894414398941828,Medium
S_1110,4,93,0,0,1,0,0.19714285244897975,47,0.0,0,-0.976,0.857142734693895,1,0.13,0.45555550493827723,-0.07,4.1,3,0.05527636802101305,1.34,0.784999803750049,3.43,12.017656517070671,Medium
S_1111,2,64,0,1,3,0,0.20738094744331081,0,0.0,0,0.343,0.285714244897965,0,0.78,0.6333332629629709,-0.259,5.7,0,0.10552761167647946,3.59,0.6374998406250397,1.87,7.696098413941335,Low
S_1112,1,245,1,0,1,0,0.25547618439342423,87,0.33333322222225925,0,0.553,0.57142848979593,2,0.25,0.1444444283950635,-0.272,9.1,3,0.2939697753844785,2.23,0.9374997656250585,3.56,16.087587791258695,Medium
S_1113,1,806,0,1,2,0,0.32309523040249455,59,0.0,1,-0.933,0.7142856122449125,2,0.95,0.36666662592593047,0.296,7.7,5,0.5854269885861838,4.51,0.21749994562501362,4.31,17.730283673311312,High
S_1114,1,1012,2,1,2,0,0.19904761430839019,78,0.0,0,-0.123,0.9999998571428775,2,0.36,0.7222221419753176,-0.424,9.1,2,0.8969846992500755,2.45,0.9324997668750583,2.43,19.53779321613707,High
S_1115,3,1019,2,0,1,1,0.03833333242063494,71,0.0,0,0.368,0.9999998571428775,2,0.26,0.5999999333333408,0.136,1.3,2,0.2211054720840522,4.42,0.5174998706250323,2.49,22.4231047248818,High
S_1116,4,117,0,0,1,1,0.2609523747392292,55,0.6666664444445185,0,-0.138,0.285714244897965,1,0.01,0.7888888012345777,0.297,2.4,2,0.10301504949370613,4.65,0.897499775625056,1.86,15.932965951794726,Medium
S_1117,1,364,3,1,2,0,0.28095237426303876,14,0.0,0,-0.619,0.285714244897965,1,0.19,0.5444443839506241,-0.118,4.4,4,0.6206028591450103,2.11,0.32249991937502015,3.94,23.95722146233197,High
S_1118,2,831,0,0,1,0,0.6640476032369619,68,0.0,0,-0.427,0.1428571224489825,0,0.74,0.1333333185185202,0.211,8.8,2,0.6809043515315699,1.38,0.25749993562501605,1.71,7.715761232946013,Low
S_1119,4,812,1,1,1,0,0.23976189905328815,32,0.0,0,0.178,0.285714244897965,2,0.35,0.4111110654321039,-0.152,9.5,0,0.41959788452314456,2.95,0.8849997787500553,1.19,10.789644825275362,Low
S_1120,1,1099,1,1,1,0,0.4664285603231295,26,0.0,0,-0.137,0.285714244897965,2,0.03,0.6333332629629709,-0.242,1.1,0,0.8542711421429291,2.63,0.20499994875001282,4.37,17.390984999297185,High
S_1121,1,30,3,0,0,0,0.10619047366213158,2,0.33333322222225925,1,0.459,0.0,0,0.45,0.8666665703703812,-0.358,6.5,3,0.8743716396051157,2.68,0.6099998475000381,3.62,28.536942133369507,High
S_1122,2,427,0,1,3,0,0.16642856746598647,71,0.0,0,0.874,0.7142856122449125,1,0.52,0.3999999555555605,0.406,9.5,2,0.8366832068635157,3.81,0.32249991937502015,2.78,10.981539839168022,Low
S_1123,1,931,0,0,3,0,0.273333326825397,20,0.0,0,-0.252,0.0,0,0.01,0.09999998888889013,0.135,3.8,1,0.6457284809727434,4.42,0.6799998300000425,2.51,8.415728088115689,Low
S_1124,2,691,0,1,1,0,0.1014285690136055,50,0.33333322222225925,0,0.079,0.9999998571428775,2,0.75,0.09999998888889013,-0.037,9.1,4,0.9748741269160486,2.35,0.9574997606250598,4.01,14.440158702826189,Medium
S_1125,4,511,1,0,2,0,0.29547618344104326,74,0.0,0,-0.809,0.857142734693895,0,0.48,0.18888886790123693,-0.483,3.4,1,0.6231154213277835,1.28,0.7124998218750446,1.88,12.009495688492503,Low
S_1126,3,323,2,0,2,0,0.010952380691609984,14,0.33333322222225925,0,-0.416,0.57142848979593,2,0.79,0.15555553827160687,-0.379,1.4,2,0.9145726345294888,1.57,0.8874997781250554,2.64,17.85395259392789,High
S_1127,1,1065,0,0,1,0,0.018809523361678016,80,0.33333322222225925,0,-0.915,0.57142848979593,1,0.5,0.5777777135802541,0.256,5.6,4,0.48492450127525094,3.42,0.6899998275000431,1.18,8.66954251335977,Low
S_1128,3,481,0,0,0,2,0.1019047594784581,22,0.6666664444445185,0,-0.641,0.0,2,0.87,0.07777776913580343,-0.172,3.6,4,0.3065325862983452,2.41,0.9399997650000587,3.19,18.761579035474803,High
S_1129,3,552,2,0,2,0,0.557619034342404,81,0.9999996666667778,0,0.116,0.4285713673469475,1,0.6,0.11111109876543349,0.256,3.7,5,0.3417084568571716,1.95,0.207499948125013,2.31,19.752040487124937,High
S_1130,2,887,0,0,4,0,0.2704761840362814,57,0.0,0,-0.387,0.0,0,0.77,0.5333332740740807,-0.014,3.4,4,0.23618084518069216,1.36,0.3124999218750195,4.34,11.924609063261817,Low
S_1131,3,565,0,0,1,0,0.05904761764172339,50,0.0,0,-0.976,0.57142848979593,2,0.1,0.8888887901234679,-0.05,5.9,4,0.5351757449307173,4.71,0.7599998100000475,4.66,15.261841567818246,Medium
S_1132,1,384,0,1,2,0,0.543571415629252,86,0.6666664444445185,0,-0.237,0.57142848979593,0,0.39,0.36666662592593047,-0.462,3.4,5,0.6934671624454365,1.99,0.07249998187500453,2.37,10.528037563786409,Low
S_1133,1,30,0,0,1,0,0.2026190427947847,72,0.0,0,0.108,0.9999998571428775,1,0.69,0.5222221641975374,-0.174,9.3,0,0.08040198984874629,2.69,0.3074999231250192,3.27,11.061925171361505,Low
S_1134,3,112,0,1,1,0,0.1561904724716554,2,0.33333322222225925,1,0.034,0.9999998571428775,0,0.87,0.2777777469135837,0.469,2.9,5,0.1432160444180793,4.78,0.10499997375000654,3.0,15.593120031026341,Medium
S_1135,2,831,2,0,1,0,0.06595237938208622,89,0.0,0,0.739,0.0,0,0.04,0.3555555160493872,-0.062,9.5,2,0.766331465745863,4.29,0.3199999200000199,4.4,19.346854992040324,High
S_1136,1,1021,1,0,4,0,0.02642857079931974,78,0.0,0,-0.15,0.0,2,0.73,0.799999911111121,-0.375,1.9,2,0.6809043515315699,4.98,0.37499990625002344,3.66,14.48018960976294,Medium
S_1137,1,971,1,0,3,0,0.2533333273015875,62,0.6666664444445185,0,-0.136,0.0,0,0.09,0.5444443839506241,0.172,7.1,4,0.8618088286912491,2.54,0.6149998462500385,2.27,15.369140988281515,Medium
S_1138,1,765,0,0,1,0,0.3242857065646261,32,0.33333322222225925,0,0.583,0.857142734693895,0,0.39,0.28888885679012705,0.256,1.9,3,0.27889440228783857,2.42,0.6299998425000394,4.64,15.884702913406745,Medium
S_1139,4,590,3,0,1,0,0.3947618953628121,49,0.0,0,-0.963,0.857142734693895,0,0.85,0.1333333185185202,0.472,3.7,4,0.7311555951870364,1.42,0.9099997725000568,3.32,25.433726251218935,High
S_1140,2,391,0,1,0,0,0.5023809404195014,73,0.33333322222225925,0,-0.901,0.857142734693895,1,0.97,0.6777777024691441,-0.5,8.4,3,0.8542711421429291,3.11,0.03749999062500232,4.89,15.964032188113439,Medium
S_1141,3,651,1,1,2,2,0.011190475924036287,53,0.0,0,-0.812,0.4285713673469475,1,0.36,0.4999999444444507,-0.2,8.7,1,0.4974873121891175,2.86,0.3124999218750195,3.13,21.373201151738513,High
S_1142,4,1183,0,2,3,1,0.18761904315192754,15,0.0,1,-0.625,0.7142856122449125,2,0.13,0.8333332407407511,0.303,9.3,1,0.5301506205651707,3.75,0.14999996250000938,3.68,21.28757862173305,High
S_1143,3,975,0,1,0,0,0.15309523445011347,17,0.0,0,0.598,0.7142856122449125,1,0.97,0.6222221530864275,0.499,3.9,0,0.7562812170147696,4.1,0.9849997537500617,1.56,10.59880411161434,Low
S_1144,3,599,0,0,4,0,0.06904761740362816,28,0.33333322222225925,0,0.893,0.857142734693895,2,0.99,0.36666662592593047,0.07,3.9,5,0.6959797246282099,3.65,0.7874998031250493,4.75,15.932407196921552,Medium
S_1145,2,935,0,1,1,0,0.37380951490929726,25,0.33333322222225925,0,0.507,0.0,0,0.11,0.4999999444444507,-0.26,5.3,1,0.9648238781849553,2.46,0.05499998625000343,3.35,10.876251895412985,Low
S_1146,3,1003,0,0,3,0,0.13928571096938783,21,0.0,0,0.09,0.857142734693895,1,0.63,0.011111109876543358,0.073,5.5,3,0.03768843274159979,1.75,0.4874998781250305,2.74,8.804164120917244,Low
S_1147,3,1173,2,0,1,0,0.0652380936848073,1,0.6666664444445185,0,0.003,0.857142734693895,2,0.43,0.45555550493827723,0.067,1.2,2,0.791457087573596,2.63,0.37999990500002373,2.16,19.28212249616424,High
S_1148,3,525,1,0,4,0,0.0238095232426304,75,0.6666664444445185,0,0.41,0.7142856122449125,1,0.34,0.766666581481491,0.305,7.9,0,0.9321605698089022,2.83,0.6024998493750376,2.1,16.74715914055472,Medium
S_1149,3,412,0,0,1,0,0.12261904469954656,47,0.33333322222225925,0,0.599,0.285714244897965,1,0.14,0.12222220864197683,-0.308,5.2,0,0.281406964470612,1.54,0.5024998743750313,4.52,12.016358629707952,Medium
S_1150,3,838,0,0,1,0,0.02309523754535149,29,0.33333322222225925,0,-0.512,0.0,0,0.97,0.04444443950617338,0.443,7.2,1,0.7989947741219161,1.5,0.63999984000004,4.93,14.02761315194335,Medium
S_1151,4,309,0,0,3,0,0.21809523290249447,86,0.33333322222225925,0,-0.48,0.9999998571428775,1,0.84,0.699999922222231,0.053,8.0,2,0.46733656599583767,3.93,0.26499993375001657,3.45,13.75762127982258,Medium
S_1152,2,1075,0,0,2,0,0.3480952298072565,46,0.33333322222225925,0,-0.22,0.1428571224489825,1,0.47,0.7222221419753176,-0.112,3.4,0,0.7738691522941827,4.5,0.07749998062500485,1.12,7.441535140456657,Low
S_1153,4,967,1,1,1,0,0.10071428331632658,10,0.6666664444445185,0,-0.289,0.285714244897965,1,0.52,0.11111109876543349,-0.468,2.4,3,0.5527636802101307,3.27,0.009999997500000633,2.5,11.843667644584897,Low
S_1154,3,509,0,0,1,0,0.14499999654761914,57,0.0,0,0.702,0.0,1,0.01,0.02222221975308669,-0.016,3.8,3,0.66582897843493,3.87,0.8624997843750539,2.33,7.520495196087156,Low
S_1155,3,1000,0,0,2,0,0.10809523552154202,89,0.0,0,-0.308,0.9999998571428775,1,0.89,0.11111109876543349,0.179,5.1,2,0.9020098236156222,1.17,0.11249997187500702,1.28,6.702628484512317,Low
S_1156,2,224,0,0,1,0,0.9188095019331073,11,0.0,0,-0.871,0.0,1,0.15,0.7888888012345777,0.033,7.3,1,0.9522610672710885,2.73,0.9949997512500622,3.59,15.311355479274267,Medium
S_1157,4,889,1,0,2,0,0.06095237950113382,76,0.0,0,0.105,0.4285713673469475,2,0.61,0.255555527160497,-0.411,6.4,1,0.06281405456933302,1.23,0.8799997800000549,2.07,10.947480069248229,Low
S_1158,2,670,5,2,0,0,0.6842856979931977,12,0.0,0,-0.975,0.0,0,0.27,0.8444443506172944,0.037,2.7,3,0.6708541028004766,2.21,0.414999896250026,4.09,34.34104404113201,High
S_1159,4,1160,0,0,4,0,0.17071428164965996,67,0.0,0,-0.016,0.9999998571428775,1,0.82,0.5555554938271674,-0.283,3.5,3,0.0603014923865597,3.2,0.8824997793750552,2.76,10.958110091852907,Low
S_1160,1,322,1,0,1,0,0.33714284911564646,38,0.0,0,0.026,0.0,1,0.78,0.38888884567901716,-0.499,6.9,1,0.5175878096513041,4.67,0.8274997931250516,3.52,14.392682480285398,Medium
S_1161,1,900,0,0,2,0,0.057619046247165566,34,0.0,0,0.696,0.9999998571428775,0,0.72,0.8888887901234679,0.166,4.0,3,0.14824116878362595,2.11,0.9574997606250598,4.83,16.8947639134314,Medium
S_1162,4,963,0,1,2,0,0.184047614665533,17,0.0,0,0.358,0.9999998571428775,2,0.85,0.31111107654321374,0.121,9.5,5,0.5954772373172771,3.01,0.6824998293750426,2.95,11.587952683979356,Low
S_1163,3,263,0,0,2,0,0.14785713933673478,48,0.33333322222225925,0,-0.717,0.57142848979593,1,0.63,0.9666665592592711,0.391,3.1,2,0.7261304708214897,2.46,0.18999995250001186,2.8,12.97455811786817,Medium
S_1164,4,226,0,3,2,1,0.05166666543650797,77,0.6666664444445185,0,0.174,0.0,2,0.38,0.38888884567901716,0.423,6.0,3,0.7638189035630895,2.91,0.9399997650000587,4.16,19.131484300243336,High
S_1165,4,201,0,0,1,0,0.15738094863378693,7,0.0,0,-0.458,0.1428571224489825,0,0.09,0.5666666037037107,0.238,9.3,5,0.9974871865610084,1.27,0.26999993250001686,2.37,9.2113439534715,Low
S_1166,3,540,2,0,5,0,0.08952380739229031,40,0.0,0,0.6,0.4285713673469475,0,0.6,0.7222221419753176,0.485,3.0,1,0.876884201787889,4.49,0.3274999181250205,4.65,23.09426462083465,High
S_1167,4,565,0,1,1,0,0.08999999785714291,84,0.33333322222225925,0,-0.097,0.0,0,0.72,0.5999999333333408,-0.239,7.9,3,0.0603014923865597,2.5,0.3324999168750208,3.96,11.237300786374831,Low
S_1168,2,513,0,0,3,0,0.06857142693877556,61,0.33333322222225925,0,-0.479,0.4285713673469475,1,0.95,0.0666666592592601,-0.226,7.3,5,0.012562810913866615,3.22,0.272499931875017,3.65,9.66841933461868,Low
S_1169,2,403,0,0,2,0,0.17499999583333342,42,0.33333322222225925,0,0.618,0.4285713673469475,1,0.2,0.12222220864197683,0.328,6.8,3,0.12311554695589272,1.45,0.7249998187500453,2.47,9.917924199242588,Low
S_1170,2,282,0,1,1,0,0.1326190444614513,22,0.0,0,-0.119,0.57142848979593,2,0.73,0.4777777246913639,0.034,4.5,5,0.10301504949370613,4.83,0.8074997981250506,1.33,7.4200619327941135,Low
S_1171,3,76,0,0,1,0,0.15190475828798194,11,0.0,0,-0.004,0.9999998571428775,0,0.45,0.4333332851851906,0.277,5.7,3,0.9899495000126884,1.16,0.34749991312502176,1.86,9.714663170968006,Low
S_1172,1,1062,0,0,3,0,0.0766666648412699,89,0.0,1,0.221,0.1428571224489825,1,0.9,0.6111110432098842,0.149,4.6,4,0.15829141751471917,1.2,0.49999987500003124,3.42,14.645338536566207,Medium
S_1173,4,1066,0,0,1,0,0.06309523659297056,2,0.0,0,0.369,0.9999998571428775,0,0.83,0.4111110654321039,-0.355,1.6,5,0.30904514848111847,1.74,0.5774998556250361,2.92,10.01666348009217,Low
S_1174,4,102,1,0,4,0,0.12166666376984134,77,0.33333322222225925,0,0.358,0.4285713673469475,1,0.55,0.4999999444444507,-0.218,8.0,4,0.06532661675210634,1.69,0.9399997650000587,4.9,19.031468372755775,High
S_1175,3,1094,0,1,2,0,0.3897618954818597,84,0.0,0,0.697,0.4285713673469475,1,0.75,0.7888888012345777,0.326,7.0,4,0.22613059644959885,4.09,0.9099997725000568,4.3,15.691224966292918,Medium
S_1176,1,473,1,0,1,0,0.3045238022732428,84,0.0,0,-0.421,0.7142856122449125,0,0.46,0.02222221975308669,0.255,4.9,4,0.48743706345802423,1.34,0.79999980000005,3.71,16.42624595402694,Medium
S_1177,4,1002,0,0,1,1,0.3688095150283449,23,0.0,0,0.348,0.4285713673469475,0,0.35,0.05555554938271674,0.281,4.7,0,0.22361803426682553,3.24,0.7299998175000456,4.78,17.935855597194,High
S_1178,2,626,0,0,2,0,0.06738095077664404,62,0.0,0,0.417,0.9999998571428775,0,0.81,0.02222221975308669,-0.441,3.4,1,0.9246228832605821,4.39,0.13249996687500828,1.07,4.716432042885546,Low
S_1179,4,400,2,0,2,0,0.07404761728458055,65,0.0,0,-0.353,0.0,2,0.08,0.38888884567901716,-0.235,4.7,3,0.9924620621954616,4.82,0.432499891875027,1.58,13.936271234836308,Medium
S_1180,1,160,0,1,1,0,0.47452379822562385,0,0.0,0,-0.545,0.1428571224489825,0,0.29,0.38888884567901716,0.378,2.2,5,0.8844218883362089,3.97,0.19749995062501235,1.55,8.011373966198121,Low
S_1181,2,292,0,0,2,0,0.2197618995294786,31,0.33333322222225925,0,0.651,0.57142848979593,0,0.59,0.31111107654321374,0.29,1.7,1,0.4271355710714646,1.82,0.7099998225000443,2.54,11.242610790548268,Low
S_1182,3,753,2,0,2,0,0.13071428260204088,64,0.0,0,0.146,0.857142734693895,1,0.05,0.6111110432098842,0.207,9.7,2,0.876884201787889,4.62,0.23999994000001498,1.54,16.790645528611485,Medium
S_1183,4,140,0,0,1,0,0.37666665769841295,57,0.0,0,0.596,0.0,0,0.47,0.38888884567901716,-0.359,1.9,5,0.6457284809727434,4.14,0.29249992687501825,1.47,5.74939484485507,Low
S_1184,4,537,0,0,0,0,0.08714285506802726,25,0.33333322222225925,0,0.497,0.9999998571428775,0,0.93,0.3222221864197571,0.47,4.9,0,0.20854266117018563,2.49,0.3624999093750227,4.6,15.301636985336115,Medium
S_1185,3,32,0,0,4,0,0.14880952026644,65,0.0,0,-0.789,0.1428571224489825,0,0.7,0.5777777135802541,0.127,3.2,1,0.08291455203151961,4.86,0.6799998300000425,1.74,7.642390158469652,Low
S_1186,1,874,0,1,4,0,0.06095237950113382,71,0.0,0,-0.719,0.7142856122449125,2,0.8,0.699999922222231,-0.114,1.3,3,0.04271355710714644,4.1,0.704999823750044,4.71,14.356141334267154,Medium
S_1187,2,666,0,0,2,0,0.2433333275396827,15,0.0,0,0.393,0.4285713673469475,0,0.26,0.04444443950617338,-0.49,3.0,1,0.6281405456933302,4.16,0.1999999500000125,1.22,4.208616481524818,Low
S_1188,3,126,0,0,2,0,0.4890476074036284,21,0.6666664444445185,0,0.268,0.4285713673469475,2,0.38,0.4111110654321039,-0.212,1.3,2,0.36180895431935817,2.27,0.8399997900000525,4.63,16.43542662085411,Medium
S_1189,1,217,0,0,2,0,0.3428571346938778,55,0.0,0,0.237,0.1428571224489825,0,0.85,0.5222221641975374,0.133,9.3,5,0.15577885533194585,1.04,0.974999756250061,4.23,13.71273050940428,Medium
S_1190,3,629,0,0,1,0,0.18809523361678016,65,0.33333322222225925,0,-0.28,0.57142848979593,1,0.89,0.1444444283950635,-0.056,4.7,1,0.9673364403677286,1.41,0.32999991750002056,4.88,14.415811907661938,Medium
S_1191,4,246,0,0,4,0,0.4438095132426307,21,0.33333322222225925,0,-0.074,0.4285713673469475,1,0.06,0.38888884567901716,0.126,2.8,5,0.16080397969749252,4.68,0.2949999262500185,4.78,14.918041310323146,Medium
S_1192,2,807,0,0,1,1,0.335952372953515,49,0.0,0,0.745,0.7142856122449125,2,0.44,0.18888886790123693,-0.467,9.4,5,0.8391957690462892,1.27,0.09999997500000622,4.33,15.76829066610038,Medium
S_1193,3,1079,1,0,2,1,0.5245237970351477,55,0.0,0,0.443,0.9999998571428775,1,0.37,0.4999999444444507,0.105,9.6,0,0.27889440228783857,2.55,0.9224997693750577,2.61,20.627464879762506,High
S_1194,4,1113,1,1,2,0,0.4092857045408166,80,0.33333322222225925,1,0.28,0.285714244897965,1,0.68,0.011111109876543358,-0.19,9.1,0,0.5226129340168507,1.66,0.5799998550000361,2.45,17.03523124373171,High
S_1195,2,164,5,0,1,0,0.43738094196712046,34,0.0,0,0.078,0.57142848979593,2,0.41,0.6888888123456876,0.045,5.4,2,0.5753767398550905,2.42,0.17249995687501077,1.02,27.572042896135397,High
S_1196,2,995,0,0,3,0,0.03880952288548755,74,0.0,0,0.026,0.1428571224489825,2,0.15,0.4222221753086472,0.179,1.6,3,0.6381907944244235,2.13,0.4249998937500266,1.3,6.114999921404846,Low
S_1197,3,372,5,1,3,2,0.28476189798185964,87,0.0,0,0.303,0.0,1,0.83,0.255555527160497,0.365,4.7,1,0.954773629453862,4.85,0.3199999200000199,3.13,38.20572574488097,High
S_1198,4,676,1,0,2,0,0.6964285548469392,1,0.6666664444445185,0,-0.226,0.4285713673469475,1,0.49,0.05555554938271674,0.395,7.4,1,0.954773629453862,1.02,0.37499990625002344,1.92,15.447867822670327,Medium
S_1199,3,483,0,1,1,0,0.1897619002437643,21,0.0,0,0.891,0.4285713673469475,2,0.6,0.15555553827160687,0.483,2.3,3,0.8241203959496491,3.17,0.039999990000002476,3.09,9.943215426189663,Low
S_1200,3,1009,0,1,5,1,0.17666666246031756,53,0.0,0,-0.175,0.285714244897965,1,0.88,0.4222221753086472,-0.362,4.0,5,0.6482410431555168,2.98,0.6599998350000412,2.71,13.032335716258423,Medium
S_1201,3,529,1,2,6,0,0.08166666472222228,58,0.0,0,0.742,0.57142848979593,0,0.37,0.23333330740741032,-0.488,7.2,5,0.5854269885861838,1.75,0.039999990000002476,3.29,12.357283864566947,Medium
S_1202,4,591,3,1,0,1,0.2323809468480727,15,0.33333322222225925,0,-0.784,0.57142848979593,0,0.21,0.5777777135802541,0.432,3.2,0,0.9346731319916755,3.19,0.5274998681250329,3.59,30.60700549578536,High
S_1203,3,1043,5,0,3,0,0.4240476089512475,34,0.33333322222225925,0,-0.047,0.285714244897965,0,0.43,0.1444444283950635,0.343,2.3,1,0.5527636802101307,2.3,0.7449998137500465,3.03,32.065667576211865,High
S_1204,4,378,0,2,4,0,0.052857141598639495,83,0.33333322222225925,0,0.503,0.7142856122449125,2,0.63,0.28888885679012705,-0.06,2.7,4,0.7613063413803162,4.21,0.9224997693750577,4.86,15.660114766453335,Medium
S_1205,3,579,0,0,0,0,0.48880951217120217,39,0.0,0,0.427,0.57142848979593,0,0.2,0.7555554716049476,-0.21,7.7,5,0.23618084518069216,1.89,0.7099998225000443,3.89,13.892132421101092,Medium
S_1206,2,1062,0,1,0,0,0.18595237652494342,2,0.0,0,-0.359,0.7142856122449125,2,0.58,0.23333330740741032,0.175,2.0,3,0.09798992512815949,3.65,0.31499992125001963,4.4,12.564418043915087,Medium
S_1207,1,435,0,0,7,0,0.695476173917234,86,0.33333322222225925,0,-0.249,0.1428571224489825,2,0.19,0.4999999444444507,0.088,3.3,2,0.46733656599583767,1.48,0.09999997500000622,2.32,10.355478782645646,Low
S_1208,2,286,2,0,2,0,0.40999999023809547,24,0.6666664444445185,0,-0.851,0.857142734693895,2,0.92,0.8888887901234679,-0.218,5.6,0,0.05276380583823973,1.97,0.44249988937502766,1.06,18.23271472839433,High
S_1209,1,554,3,0,3,0,0.03666666579365082,32,0.0,0,0.997,0.9999998571428775,2,0.69,0.7777776913580343,-0.416,4.5,2,0.44723606853365105,4.08,0.6999998250000437,2.32,22.09856850427455,High
S_1210,2,1010,1,0,3,1,0.36999999119047644,61,0.33333322222225925,0,-0.532,0.7142856122449125,2,0.49,0.16666664814815021,-0.379,5.3,2,0.5904521129517304,4.26,0.7074998231250442,4.75,22.786022568374303,High
S_1211,2,579,0,0,2,0,0.09119047401927445,51,0.33333322222225925,0,0.987,0.57142848979593,1,0.28,0.7222221419753176,-0.285,2.2,1,0.41959788452314456,2.89,0.6974998256250435,3.14,12.107692030015645,Medium
S_1212,3,1020,0,0,2,0,0.33476189679138346,73,0.0,0,-0.81,0.285714244897965,0,0.71,0.24444441728395366,-0.356,7.6,1,0.4346732576197845,2.14,0.5824998543750364,2.91,9.016720398391799,Low
S_1213,3,283,0,0,0,0,0.14452380608276652,73,0.0,0,-0.296,0.9999998571428775,0,0.95,0.8555554604938377,-0.003,1.1,0,0.67336666498325,3.04,0.47749988062502985,3.78,14.182603940248878,Medium
S_1214,2,289,0,1,1,0,0.24571427986394573,75,0.6666664444445185,0,0.201,0.0,0,0.68,0.011111109876543358,-0.491,1.8,3,0.4999998743718908,3.44,0.09749997562500606,2.49,7.463475328176926,Low
S_1215,2,132,2,0,2,0,0.20595237604875297,88,0.0,0,0.443,0.7142856122449125,0,0.36,0.24444441728395366,-0.471,8.8,2,0.1708542284285858,2.81,0.829999792500052,3.7,19.068615417916636,High
S_1216,4,342,2,1,3,0,0.1838095194331067,59,0.0,0,-0.088,0.57142848979593,1,0.49,0.6777777024691441,-0.157,6.0,0,0.45728631726474434,2.39,0.03749999062500232,2.57,17.08590494381336,High
S_1217,2,107,0,2,3,0,0.19714285244897975,71,0.0,0,0.733,0.857142734693895,0,0.42,0.0888888790123468,0.056,6.5,0,0.979899251281595,3.41,0.35499991125002217,1.55,7.47427973755341,Low
S_1218,4,890,2,0,1,0,0.32999999214285736,18,0.33333322222225925,0,-0.473,0.4285713673469475,1,0.01,0.9666665592592711,0.234,8.1,0,0.3718592030504515,2.13,0.5699998575000356,4.2,24.127000973617584,High
S_1219,4,321,0,1,3,0,0.14714285363945587,51,0.0,0,-0.229,0.9999998571428775,2,0.96,0.8333332407407511,-0.174,8.8,1,0.7788942766597294,1.85,0.672499831875042,1.6,9.917321937836189,Low
S_1220,2,484,5,1,2,0,0.3185714209863948,59,0.33333322222225925,0,-0.004,0.57142848979593,0,0.59,0.6333332629629709,0.017,7.5,0,0.6683415406177033,2.75,0.14499996375000906,4.82,35.630912166224455,High
S_1221,3,1091,0,3,1,0,0.19619047151927452,51,0.33333322222225925,0,-0.567,0.285714244897965,2,0.8,0.07777776913580343,0.038,8.7,0,0.38944713832986466,2.98,0.44749988812502794,4.4,12.553779793007863,Medium
S_1222,4,903,0,1,1,0,0.25928570811224505,64,0.33333322222225925,0,-0.836,0.57142848979593,0,0.4,0.05555554938271674,-0.496,3.0,3,0.8693465152395691,1.49,0.16749995812501045,2.94,9.179726850233113,Low
S_1223,2,684,0,0,2,0,0.254523803463719,44,0.0,0,0.28,0.4285713673469475,1,0.3,0.9999998888889013,-0.092,4.5,2,0.281406964470612,3.8,0.007499998125000475,2.46,9.65312077247237,Low
S_1224,1,67,0,0,1,0,0.036904761026077114,33,0.33333322222225925,0,0.823,0.57142848979593,2,0.07,0.4888888345679073,0.493,1.9,2,0.30402002411557183,2.87,0.38249990437502385,3.02,11.815257265906212,Low
S_1225,1,445,0,1,4,0,0.1499999964285715,50,0.0,0,0.358,0.7142856122449125,2,0.79,0.23333330740741032,-0.305,6.3,2,0.46733656599583767,1.58,0.654999836250041,1.65,7.045907374493691,Low
S_1226,3,559,2,1,1,0,0.11833333051587308,26,0.0,0,0.368,0.4285713673469475,0,0.42,0.6888888123456876,-0.459,2.7,5,0.7763817144769563,4.88,0.20249994937501267,2.75,17.042190776505556,High
S_1227,1,1049,0,0,2,0,0.5452380822562363,68,0.6666664444445185,0,-0.9,0.4285713673469475,1,0.28,0.3555555160493872,0.209,8.7,4,0.8165827094013292,4.91,0.24249993937501513,1.44,10.15910545109568,Low
S_1228,1,1186,0,0,1,0,0.11071428307823135,25,0.0,0,0.936,0.57142848979593,0,0.42,0.12222220864197683,0.404,9.5,1,0.25376878046010537,3.48,0.3324999168750208,4.02,11.608435068962631,Low
S_1229,2,515,3,0,2,0,0.3307142778401363,45,0.9999996666667778,0,-0.281,0.7142856122449125,0,0.67,0.38888884567901716,-0.018,8.1,2,0.9974871865610084,4.16,0.5374998656250336,2.18,24.983866512858693,High
S_1230,3,230,0,0,1,0,0.16190475804988672,10,0.0,0,0.737,0.4285713673469475,2,0.4,0.8444443506172944,0.188,4.2,4,0.5502511180273573,3.85,0.19749995062501235,1.14,7.47744107997282,Low
S_1231,3,472,0,0,2,0,0.1423809489909298,42,0.0,0,0.384,0.857142734693895,1,0.58,0.9999998888889013,-0.367,4.5,0,0.5201003718340774,1.48,0.9224997693750577,2.36,11.492527893611475,Low
S_1232,4,1090,0,0,1,1,0.23642856579931987,48,0.33333322222225925,0,0.738,0.4285713673469475,2,0.69,0.4111110654321039,-0.278,9.0,0,0.3567838299538115,4.29,0.8949997762500559,1.26,11.910544677508867,Low
S_1233,3,780,0,0,1,1,0.06904761740362816,39,0.33333322222225925,0,-0.611,0.9999998571428775,1,0.75,0.3555555160493872,0.255,9.6,5,0.8341706446807424,1.61,0.8149997962500508,3.78,18.80797901849242,High
S_1234,3,787,1,0,2,0,0.13428571108843546,60,0.33333322222225925,0,-0.319,0.57142848979593,2,0.01,0.1444444283950635,-0.245,7.3,5,0.9949746243782351,4.61,0.6049998487500378,3.46,15.614021386587446,Medium
S_1235,2,410,2,0,4,0,0.18142856710884364,16,0.0,0,-0.244,0.4285713673469475,0,0.24,0.46666661481482064,0.265,2.3,0,0.407035073609278,3.78,0.48499987875003026,4.31,21.328463111574226,High
S_1236,2,699,0,1,0,0,0.28333332658730176,37,0.0,0,0.673,0.857142734693895,2,0.28,0.255555527160497,-0.479,8.4,2,0.8266329581324224,3.7,0.5799998550000361,4.83,14.01958469876368,Medium
S_1237,1,109,0,0,2,0,0.33523808725623605,45,0.6666664444445185,0,-0.514,0.0,2,0.55,0.46666661481482064,0.383,7.1,1,0.18592960152522575,4.71,0.9924997518750619,3.98,15.302642544822074,Medium
S_1238,3,623,0,1,5,0,0.37380951490929726,89,0.0,0,-0.19,0.0,1,0.84,0.7444443617284043,0.114,5.4,3,0.5025124365546642,4.78,0.8824997793750552,2.31,10.470273625217878,Low
S_1239,3,643,0,4,0,0,0.12619047318594112,52,0.6666664444445185,0,-0.968,0.57142848979593,1,0.02,0.23333330740741032,0.253,2.3,2,0.281406964470612,4.24,0.09749997562500606,1.52,8.243834570426095,Low
S_1240,3,530,1,2,2,0,0.27595237438208636,74,0.0,0,-0.099,0.285714244897965,0,0.77,0.45555550493827723,-0.451,3.2,3,0.45728631726474434,1.04,0.7599998100000475,3.61,15.06123806502186,Medium
S_1241,4,417,2,1,2,2,0.2069047569784582,71,0.6666664444445185,0,-0.71,0.1428571224489825,1,0.33,0.922222119753098,-0.282,7.0,1,0.4371858198025578,3.45,0.5424998643750338,1.5,25.631279756978813,High
S_1242,2,793,0,0,1,1,0.1430952346882087,41,0.0,0,-0.855,0.4285713673469475,0,0.23,0.6888888123456876,-0.106,5.7,4,0.510050123102984,2.44,0.2949999262500185,3.12,14.481144851398605,Medium
S_1243,4,266,0,0,2,0,0.20047618570294798,89,0.33333322222225925,0,-0.409,0.1428571224489825,2,0.57,0.18888886790123693,-0.315,8.3,3,0.4899496256407976,2.37,0.5524998618750345,4.0,11.418758421768164,Low
S_1244,2,337,0,0,3,0,0.14476190131519284,11,0.33333322222225925,0,0.436,0.7142856122449125,2,0.33,0.6666665925926009,-0.145,3.2,4,0.7939696497563693,4.11,0.367499908125023,4.81,15.7218258388864,Medium
S_1245,1,1031,0,1,2,0,0.18785713838435386,72,0.33333322222225925,0,-0.319,0.0,2,0.02,0.2777777469135837,0.1,5.6,4,0.36180895431935817,3.68,0.414999896250026,1.33,6.44871306938,Low
S_1246,4,806,2,0,3,0,0.7102380783276648,20,0.6666664444445185,1,0.853,0.9999998571428775,0,0.43,0.46666661481482064,-0.208,6.5,3,0.9020098236156222,2.98,0.8624997843750539,2.33,26.4017225194125,High
S_1247,2,886,0,0,2,0,0.011190475924036287,67,0.0,0,0.245,0.1428571224489825,2,0.55,0.4111110654321039,0.076,6.3,3,0.31909539721221175,3.13,0.24249993937501513,3.14,8.788714144928628,Low
S_1248,3,353,1,0,1,2,0.1545238058446713,69,0.0,0,-0.002,0.4285713673469475,1,0.02,0.45555550493827723,-0.489,3.3,4,0.09296480076261285,1.71,0.15749996062500982,3.06,20.237345389055374,High
S_1249,2,731,0,0,2,0,0.2857142789115648,54,0.0,0,-0.545,0.57142848979593,0,0.86,0.4111110654321039,-0.124,3.6,2,0.030150746193279822,4.78,0.5799998550000361,4.03,12.235483468816218,Medium
S_1250,3,519,0,1,1,0,0.041428570442176904,66,0.33333322222225925,0,0.91,0.7142856122449125,0,0.27,0.2111110876543236,0.196,4.1,5,0.9472359429055419,2.86,0.8424997893750527,2.13,10.470425387101752,Low
S_1251,1,137,0,3,3,0,0.055952379620181444,23,0.0,0,0.286,0.4285713673469475,1,0.11,0.8777776802469245,-0.082,6.0,4,0.8643213908740224,3.41,0.022499994375001425,3.19,10.783654293919238,Low
S_1252,2,122,0,0,0,0,0.045714284625850365,31,0.0,0,-0.7,0.857142734693895,2,0.2,0.8444443506172944,0.043,4.1,4,0.26130646700842536,4.5,0.1749999562500109,2.72,10.52206775462567,Low
S_1253,1,465,0,1,5,0,0.13547618725056695,54,0.0,0,0.204,0.57142848979593,2,0.91,0.8555554604938377,0.309,8.0,3,0.8040198984874626,3.77,0.8274997931250516,1.94,11.07297140756264,Low
S_1254,3,241,0,1,1,0,0.14166666329365085,50,0.0,0,0.818,0.857142734693895,2,0.95,0.9999998888889013,0.474,1.3,2,0.7889445253908228,1.59,0.9349997662500584,1.21,11.166229183826387,Low
S_1255,2,255,3,0,1,0,0.22785713743197294,55,0.33333322222225925,0,0.77,0.857142734693895,1,0.3,0.4888888345679073,-0.052,5.9,4,0.2562813426428787,4.58,0.44749988812502794,1.48,20.871804170947144,High
S_1256,1,951,0,1,2,0,0.04833333218253972,23,0.33333322222225925,0,-0.431,0.9999998571428775,1,0.66,0.26666663703704035,-0.462,5.0,5,0.4899496256407976,1.1,0.23249994187501452,1.43,6.835948798002099,Low
S_1257,1,356,1,1,5,0,0.029285713588435392,31,0.0,0,-0.494,0.57142848979593,1,0.85,0.6777777024691441,-0.457,2.0,5,0.47738681472693095,3.06,0.2199999450000137,3.37,14.007433932491557,Medium
S_1258,3,392,1,1,1,0,0.0035714284863945607,38,0.33333322222225925,0,0.283,0.7142856122449125,0,0.76,0.3999999555555605,0.064,8.1,0,0.5753767398550905,3.82,0.4674998831250292,2.44,14.157661549387617,Medium
S_1259,2,237,0,0,0,0,0.3242857065646261,36,0.6666664444445185,0,0.072,0.7142856122449125,2,0.44,0.31111107654321374,-0.219,1.3,4,0.26381902919119865,4.19,0.7199998200000449,4.73,16.06057957633819,Medium
S_1260,4,157,0,0,1,1,0.10499999750000005,37,0.33333322222225925,0,-0.81,0.7142856122449125,1,0.26,0.0888888790123468,-0.329,8.2,5,0.4120601979748246,1.21,0.6449998387500403,3.64,15.334297396168548,Medium
S_1261,4,728,1,0,2,0,0.2802380885657598,48,0.0,0,0.072,0.857142734693895,2,0.77,0.4111110654321039,-0.494,7.3,2,0.11557786040757274,1.02,0.6849998287500428,1.46,11.20591044928904,Low
S_1262,1,401,0,2,1,1,0.2647618984580501,44,0.33333322222225925,0,-0.408,0.0,0,0.3,0.1333333185185202,0.039,8.0,0,0.736180719552583,4.61,0.4599998850000287,4.02,15.968465807149128,Medium
S_1263,3,1016,0,1,1,0,0.2852380884467122,82,0.0,0,-0.939,0.4285713673469475,1,0.5,0.5555554938271674,-0.417,8.7,5,0.8894470127017555,2.86,0.6799998300000425,1.19,7.174970154217374,Low
S_1264,1,865,0,0,1,0,0.12738094934807265,4,0.0,1,0.099,0.0,1,0.91,0.03333332962963005,0.148,7.0,4,0.8693465152395691,2.59,0.8349997912500521,1.4,10.117488934672782,Low
S_1265,3,498,2,1,0,0,0.254523803463719,81,0.0,0,0.76,0.7142856122449125,2,0.5,0.511111054320994,-0.478,1.2,4,0.22864315863237217,2.04,0.6899998275000431,3.01,18.39811861147642,High
S_1266,2,691,0,0,3,0,0.046666665555555584,46,0.0,0,-0.147,0.0,0,0.89,0.23333330740741032,0.461,2.9,3,0.4974873121891175,1.68,0.6899998275000431,2.0,7.639486886078101,Low
S_1267,2,43,0,0,0,0,0.03452380870181408,57,0.6666664444445185,0,0.161,0.0,1,0.6,0.6444443728395142,0.076,5.4,4,0.6306531078761035,3.92,0.9524997618750594,3.17,13.064556509583763,Medium
S_1268,3,291,1,0,0,0,0.04904761787981863,39,0.33333322222225925,0,-0.024,0.57142848979593,0,0.76,0.9666665592592711,0.207,7.2,0,0.5979897995000504,1.44,0.6499998375000406,4.45,20.401988652176037,High
S_1269,2,613,0,0,3,1,0.6430952227834471,8,0.0,0,-0.591,0.285714244897965,0,0.37,0.2777777469135837,0.193,1.2,3,0.22613059644959885,2.93,0.13999996500000875,1.37,10.96617792533664,Low
S_1270,1,833,0,0,4,0,0.17238094827664407,48,0.33333322222225925,0,-0.69,0.9999998571428775,0,0.73,0.011111109876543358,0.006,6.4,3,0.13065323350421268,1.59,0.32249991937502015,1.23,6.798128627666348,Low
S_1271,3,478,0,0,0,0,0.14880952026644,67,0.0,0,-0.702,0.1428571224489825,0,0.99,0.5777777135802541,-0.495,2.0,5,0.9673364403677286,3.87,0.1374999656250086,1.78,6.277812318055792,Low
S_1272,3,257,1,0,2,0,0.31285713540816346,72,0.0,0,-0.875,0.285714244897965,2,0.54,0.8777776802469245,-0.272,5.7,2,0.8015073363046893,1.82,0.49999987500003124,4.12,17.640840023065945,High
S_1273,4,1034,1,2,4,0,0.1554761867743765,77,0.6666664444445185,0,-0.447,0.7142856122449125,1,0.01,0.8999999000000112,-0.404,8.1,1,0.03768843274159979,4.46,0.2774999306250173,2.77,15.919687112138178,Medium
S_1274,4,1185,0,0,2,0,0.08999999785714291,52,0.0,0,-0.304,0.285714244897965,2,0.09,0.8777776802469245,-0.487,8.7,2,0.7788942766597294,4.19,0.6999998250000437,4.82,14.31965545076795,Medium
S_1275,2,911,0,1,1,0,0.3269047541213154,6,0.0,0,-0.133,0.285714244897965,0,0.79,0.26666663703704035,0.144,4.1,0,0.6959797246282099,3.29,0.2124999468750133,4.03,11.821122281649235,Low
S_1276,1,585,1,0,1,0,0.2430952323072564,28,0.33333322222225925,0,0.028,0.857142734693895,1,0.53,0.5666666037037107,0.31,3.8,1,0.9346731319916755,2.63,0.6299998425000394,2.55,17.058243461079222,High
S_1277,4,921,0,0,1,1,0.39571427629251726,45,0.33333322222225925,0,-0.851,0.7142856122449125,0,0.12,0.37777773580247387,0.285,8.3,3,0.6381907944244235,3.11,0.272499931875017,1.96,14.422237585616033,Medium
S_1278,1,630,2,1,1,0,0.22261904231859428,40,0.0,0,0.737,0.57142848979593,0,0.87,0.5777777135802541,0.308,6.3,2,0.7788942766597294,2.34,0.2674999331250167,3.46,20.393941390198165,High
S_1279,3,602,0,0,1,0,0.6388095085997737,85,0.0,0,-0.558,0.9999998571428775,0,0.39,0.4222221753086472,0.421,9.4,4,0.7713565901114094,2.55,0.9224997693750577,1.97,12.58145089487254,Medium
S_1280,3,336,3,1,3,1,0.054761903458049925,28,0.0,0,-0.658,0.4285713673469475,1,0.58,0.4777777246913639,0.056,2.2,1,0.6783917893487966,2.37,0.767499808125048,4.09,28.96015302474103,High
S_1281,3,976,0,0,1,0,0.24642856556122467,1,0.33333322222225925,0,0.511,0.285714244897965,2,0.76,0.04444443950617338,-0.195,7.1,2,0.6080400482311437,2.14,0.8749997812500546,2.11,8.632086782396154,Low
S_1282,4,791,3,0,0,0,0.9745237863208622,58,0.33333322222225925,0,-0.568,0.7142856122449125,0,0.6,0.46666661481482064,0.482,2.3,3,0.9623113160021818,3.03,0.8024997993750501,4.69,31.663453009315933,High
S_1283,2,1082,0,0,2,0,0.07166666496031751,38,0.33333322222225925,0,-0.419,0.7142856122449125,2,0.9,0.5666666037037107,-0.165,2.7,4,0.3793968895987714,4.5,0.16749995812501045,1.88,8.487967502997478,Low
S_1284,1,691,0,0,0,0,0.09357142634353748,73,0.33333322222225925,0,0.321,0.285714244897965,1,0.08,0.511111054320994,-0.436,8.4,5,0.1909547258907724,3.75,0.05499998625000343,3.89,10.594430296847083,Low
S_1285,3,296,0,1,1,0,0.113571425867347,23,0.0,0,-0.193,0.57142848979593,0,0.2,0.4888888345679073,0.324,5.6,5,0.8517585799601558,4.58,0.16499995875001028,4.19,13.1599962583578,Medium
S_1286,3,1075,0,1,0,0,0.13047618736961458,79,0.33333322222225925,0,-0.307,0.1428571224489825,0,0.59,0.9444443395061846,0.332,4.0,2,0.4246230088886912,2.75,0.8749997812500546,3.46,14.269098063580941,Medium
S_1287,1,139,0,0,2,0,0.533333320634921,44,0.33333322222225925,0,0.516,0.4285713673469475,0,0.46,0.1444444283950635,0.219,9.9,2,0.010050248731093293,3.88,0.864999783750054,4.05,14.168525464681828,Medium
S_1288,3,1082,0,0,2,0,0.23261904208049905,88,0.0,0,0.694,0.285714244897965,1,0.1,0.5333332740740807,0.062,1.9,4,0.06783917893487967,4.39,0.17249995687501077,2.72,8.846124530944572,Low
S_1289,3,702,0,1,6,0,0.09880952145691616,66,0.0,0,-0.81,0.4285713673469475,2,0.16,0.0888888790123468,0.21,8.4,2,0.15326629314917253,2.34,0.9549997612500597,3.91,11.723503751750975,Low
S_1290,4,80,0,0,1,0,0.2845238027494333,58,0.0,0,-0.479,0.857142734693895,0,0.99,0.699999922222231,0.387,7.4,4,0.19597985025631903,4.44,0.4274998931250267,3.43,13.352836280809155,Medium
S_1291,1,145,1,1,3,0,0.09857142622448985,24,0.6666664444445185,0,0.681,0.4285713673469475,2,0.68,0.26666663703704035,0.351,6.4,1,0.6557787297038367,3.94,0.09999997500000622,3.1,15.710634937515891,Medium
S_1292,3,627,2,0,5,0,0.15809523433106584,31,0.33333322222225925,0,0.485,0.7142856122449125,2,0.03,0.8777776802469245,-0.27,5.9,4,0.3341707703088517,1.76,0.25499993625001594,2.55,18.940360277699458,High
S_1293,1,665,0,0,0,0,0.09285714064625857,26,0.33333322222225925,0,0.305,0.857142734693895,1,0.92,0.37777773580247387,-0.059,9.5,2,0.4924621878235709,2.73,0.37499990625002344,4.57,14.390651765724382,Medium
S_1294,2,888,0,1,4,1,0.04380952276643994,55,0.0,0,0.213,0.857142734693895,0,0.94,0.5888888234567974,-0.286,6.2,0,0.5276380583823974,2.57,0.432499891875027,2.68,13.793018350189953,Medium
S_1295,2,1032,0,0,0,0,0.04952380834467123,28,0.33333322222225925,0,-0.743,0.4285713673469475,2,0.88,0.8999999000000112,-0.211,1.2,1,0.9246228832605821,3.72,0.6149998462500385,3.18,12.79833610215538,Medium
S_1296,2,566,1,0,0,0,0.015952380572562368,0,0.0,0,-0.999,0.857142734693895,0,0.21,0.07777776913580343,-0.178,4.7,4,0.2135677855357323,2.36,0.687499828125043,3.59,14.408043360298706,Medium
S_1297,2,595,0,0,1,0,0.01714285673469389,83,0.0,0,-0.72,0.4285713673469475,1,0.06,0.3222221864197571,0.19,8.5,1,0.7185927842731697,4.5,0.7499998125000469,2.03,8.53383027343051,Low
S_1298,1,1052,0,1,2,0,0.13285713969387764,50,0.0,0,-0.61,0.9999998571428775,0,0.09,0.5444443839506241,-0.442,8.5,1,0.8592962665084758,3.16,0.07249998187500453,1.75,7.6522005154777455,Low
S_1299,1,56,2,1,1,0,0.33047618260771,27,0.33333322222225925,0,0.39,0.7142856122449125,1,0.48,0.6444443728395142,0.046,4.4,3,0.3517587055882649,1.08,0.15249996187500955,2.74,19.582091186836557,High
S_1300,4,295,0,0,2,0,0.6297618897675741,31,0.33333322222225925,0,-0.331,0.1428571224489825,0,0.51,0.699999922222231,0.252,7.3,0,0.25376878046010537,2.52,0.9724997568750606,1.92,11.817767641744382,Low
S_1301,2,819,0,1,1,0,0.0652380936848073,14,0.0,0,-0.03,0.57142848979593,2,0.36,0.922222119753098,0.08,4.6,0,0.06532661675210634,3.89,0.9599997600000599,4.68,15.610563756657802,Medium
S_1302,3,755,1,1,0,0,0.18523809082766451,49,0.6666664444445185,0,0.585,0.9999998571428775,0,0.4,0.9333332296296413,0.002,8.6,5,0.15326629314917253,1.77,0.10499997375000654,2.73,17.18297924964041,High
S_1303,1,763,1,0,1,0,0.07023809356575969,3,0.33333322222225925,0,-0.076,0.857142734693895,0,0.95,0.2777777469135837,0.379,2.3,3,0.5904521129517304,3.77,0.8999997750000561,4.56,20.026784320444442,High
S_1304,2,647,0,0,3,0,0.32357142086734714,65,0.33333322222225925,0,-0.594,0.285714244897965,1,0.3,0.18888886790123693,-0.059,3.6,5,0.7688440279286362,3.37,0.912499771875057,4.05,13.68465259444721,Medium
S_1305,4,1093,1,3,0,0,0.0535714272959184,79,0.0,0,0.523,0.0,1,0.9,0.23333330740741032,-0.266,2.9,5,0.140703482235306,1.0,0.9949997512500622,3.96,14.379417188845416,Medium
S_1306,4,1126,2,0,1,0,0.3745238006065762,83,0.0,0,0.507,0.0,1,0.47,0.766666581481491,-0.446,5.8,2,0.050251243655466404,4.25,0.03499999125000216,1.05,12.751822372419673,Medium
S_1307,3,126,0,0,3,0,0.6290476040702953,64,0.33333322222225925,0,-0.983,0.57142848979593,1,0.0,0.02222221975308669,-0.362,5.6,5,0.525125496199624,3.73,0.6849998287500428,4.41,14.087791271428493,Medium
S_1308,3,675,0,0,1,0,0.11428571156462591,24,0.0,0,-0.142,0.0,2,0.5,0.6222221530864275,0.386,7.7,3,0.7010048489937565,4.32,0.5174998706250323,3.29,11.297528184196981,Low
S_1309,4,1192,5,0,0,0,0.06571428414965991,85,0.0,0,-0.156,0.0,0,0.78,0.9666665592592711,0.246,4.7,5,0.6256279835105568,1.07,0.0049999987500003165,4.23,32.68477051123735,High
S_1310,3,648,0,0,3,0,0.5233333208730162,9,0.6666664444445185,0,0.766,0.4285713673469475,1,0.8,0.4999999444444507,0.407,5.0,0,0.9824118134643683,2.17,0.7874998031250493,3.35,15.998553283694317,Medium
S_1311,4,465,5,1,0,0,0.42880951359977354,41,0.0,1,-0.232,0.9999998571428775,2,0.45,0.5666666037037107,-0.373,2.6,0,0.017587935279413262,3.68,0.0924999768750058,2.45,33.34301595522563,High
S_1312,4,575,0,0,0,0,0.08476190274376423,12,0.0,0,-0.099,0.1428571224489825,0,0.6,0.4777777246913639,-0.32,2.7,3,0.8341706446807424,1.13,0.6524998368750408,4.19,11.852503445634174,Low
S_1313,3,1031,1,0,1,0,0.35785713433673494,9,0.33333322222225925,0,-0.643,0.1428571224489825,1,0.38,0.5444443839506241,-0.152,1.8,2,0.8090450228530094,1.33,0.63999984000004,4.72,19.21766316927991,High
S_1314,2,231,0,0,0,0,0.595952366763039,43,0.0,0,-0.689,0.0,1,0.66,0.5888888234567974,0.314,9.0,5,0.030150746193279822,2.81,0.20249994937501267,3.47,11.557674215602814,Low
S_1315,1,620,1,0,1,0,0.5033333213492067,51,0.0,0,0.275,0.0,0,0.68,0.8444443506172944,-0.438,9.8,2,0.8391957690462892,2.43,0.829999792500052,2.04,13.746528369945896,Medium
S_1316,3,655,1,0,2,0,0.34238094422902515,68,0.33333322222225925,0,-0.106,0.857142734693895,1,0.47,0.9444443395061846,-0.157,5.8,3,0.4522611928991977,1.08,0.7024998243750439,1.88,15.878021828909482,Medium
S_1317,1,375,0,0,3,0,0.13999999666666677,76,0.0,0,0.526,0.9999998571428775,2,0.28,0.988888779012358,-0.291,4.4,4,0.7638189035630895,4.38,0.9099997725000568,2.44,12.268484489886033,Medium
S_1318,3,881,1,0,0,0,0.565476177012472,56,0.33333322222225925,0,-0.67,0.857142734693895,2,0.41,0.6888888123456876,0.408,8.7,3,0.17587935279413244,4.18,0.7899998025000494,4.05,21.149259061923278,High
S_1319,2,105,0,0,3,0,0.22404761371315207,21,0.0,0,0.523,0.1428571224489825,2,0.68,0.31111107654321374,0.291,4.7,3,0.9874369378299152,2.92,0.15999996000000996,3.35,10.480627173496998,Low
S_1320,4,1132,0,0,2,0,0.10357142610544223,22,0.0,0,0.594,0.9999998571428775,2,0.69,0.15555553827160687,-0.284,8.1,5,0.48492450127525094,2.52,0.24249993937501513,4.9,12.979304987442184,Medium
S_1321,3,302,0,0,2,0,0.1076190450566894,29,0.0,0,-0.192,0.57142848979593,2,0.35,0.33333329629630043,0.274,7.1,4,0.532663182747944,4.68,0.5374998656250336,4.62,13.86137691764884,Medium
S_1322,2,937,0,1,1,0,0.2259523755725625,17,0.0,0,-0.97,0.7142856122449125,2,0.36,0.011111109876543358,-0.129,9.8,0,0.23366828299791884,3.32,0.14999996250000938,3.51,9.43542988883508,Low
S_1323,2,954,0,0,1,0,0.5566666534126987,45,0.0,0,-0.92,0.857142734693895,1,0.49,0.3999999555555605,0.076,2.6,3,0.06783917893487967,1.8,0.1074999731250067,4.74,14.499124421477461,Medium
S_1324,3,838,1,0,2,0,0.32642856365646283,80,0.33333322222225925,0,0.146,0.1428571224489825,0,0.91,0.766666581481491,-0.188,2.5,1,0.20100497462186567,2.06,0.8399997900000525,1.19,12.450003901600574,Medium
S_1325,4,1103,0,0,1,0,0.23857142289115665,69,0.33333322222225925,0,0.867,0.285714244897965,0,0.18,0.6111110432098842,0.184,4.4,0,0.4095476357920513,2.72,0.039999990000002476,1.86,8.698023170557887,Low
S_1326,3,798,0,0,1,0,0.42285713278911596,27,0.6666664444445185,0,0.267,0.57142848979593,2,0.38,0.18888886790123693,-0.129,6.5,1,0.2989948997500252,2.81,0.19749995062501235,3.27,11.954089115996524,Low
S_1327,2,648,0,1,2,0,0.22761904219954665,89,0.6666664444445185,0,0.009,0.57142848979593,2,0.79,0.922222119753098,-0.335,4.7,3,0.6381907944244235,2.26,0.05249998687500327,3.25,13.16557056695778,Medium
S_1328,1,284,0,0,1,0,0.2199999947619049,22,0.0,0,0.396,0.4285713673469475,0,0.23,0.33333329629630043,-0.058,5.2,4,0.4798993769097043,3.35,0.8449997887500528,1.89,8.35104156227832,Low
S_1329,3,1091,0,0,1,0,0.15761904386621325,8,0.6666664444445185,0,-0.981,0.57142848979593,0,0.02,0.28888885679012705,0.181,1.3,4,0.8341706446807424,1.52,0.3399999150000212,2.64,11.638550489575223,Low
S_1330,4,711,0,0,1,0,0.2190476138321997,72,0.0,0,-0.177,0.7142856122449125,1,0.13,0.3222221864197571,0.225,5.4,0,0.22613059644959885,4.25,0.10999997250000686,1.94,7.828511166695309,Low
S_1331,3,176,0,0,4,0,0.042857141836734725,44,0.0,0,0.455,0.1428571224489825,2,0.9,0.8777776802469245,0.18,4.1,0,0.6281405456933302,1.79,0.9299997675000581,1.1,8.095758791842389,Low
S_1332,4,773,0,1,2,0,0.09047618832199553,24,0.0,0,0.213,0.57142848979593,1,0.74,0.8444443506172944,0.149,4.9,1,0.4447235063508778,1.39,0.26249993437501634,1.82,8.85534197151064,Low
S_1333,3,318,0,1,1,1,0.18619047175736972,1,0.0,1,0.148,0.1428571224489825,0,0.86,0.7333332518518609,0.342,2.1,3,0.32160795939498504,3.33,0.23999994000001498,3.74,20.009893255120673,High
S_1334,2,882,0,1,3,0,0.024999999404761917,73,0.6666664444445185,0,-0.634,0.7142856122449125,0,0.29,0.8555554604938377,-0.364,8.1,1,0.09798992512815949,1.06,0.6449998387500403,2.64,12.010226540147421,Medium
S_1335,1,1150,1,1,0,0,0.15642856770408173,38,0.33333322222225925,0,-0.401,0.285714244897965,0,0.05,0.766666581481491,0.009,8.3,2,0.18844216370799907,4.69,0.8774997806250547,4.2,18.702155328977533,High
S_1336,1,116,1,1,0,0,0.3964285619897962,51,0.33333322222225925,0,-0.834,0.285714244897965,1,0.98,0.3444444061728437,-0.339,5.3,0,0.22613059644959885,4.55,0.5349998662500335,1.71,11.832177389900293,Low
S_1337,2,558,0,0,5,0,0.11880952098072568,11,0.0,0,0.204,0.9999998571428775,0,0.72,0.4777777246913639,0.082,6.8,4,0.0025125621827733233,2.83,0.5399998650000337,3.44,11.916273743484865,Low
S_1338,4,595,0,2,1,0,0.34904761073696167,63,0.0,0,-0.451,0.7142856122449125,1,0.86,0.7444443617284043,0.151,2.0,5,0.4924621878235709,2.94,0.22999994250001435,4.94,15.843509214709524,Medium
S_1339,2,1100,0,0,1,0,0.19619047151927452,21,0.0,0,-0.813,0.1428571224489825,1,0.22,0.9444443395061846,0.487,7.7,0,0.9371856941744486,1.57,0.2124999468750133,1.69,9.423804265898816,Low
S_1340,4,152,1,0,2,0,0.08809523599773247,22,0.33333322222225925,0,-0.843,0.57142848979593,0,0.84,0.2777777469135837,-0.204,3.0,4,0.9120600723467156,4.59,0.3074999231250192,3.31,14.97953551358934,Medium
S_1341,2,228,3,1,3,0,0.5883333193253972,28,0.33333322222225925,0,-0.396,0.57142848979593,0,0.31,0.4777777246913639,-0.112,2.6,2,0.2135677855357323,4.76,0.32499991875002027,1.06,20.100757401344694,High
S_1342,1,478,2,0,1,0,0.1966666619841271,34,0.33333322222225925,1,-0.681,0.0,2,0.51,0.7222221419753176,-0.246,1.3,1,0.979899251281595,2.81,0.9474997631250592,3.88,25.899564856076825,High
S_1343,4,1164,3,0,1,0,0.565476177012472,13,0.0,0,0.588,0.285714244897965,0,0.01,0.1777777580246936,0.351,5.1,5,0.3793968895987714,4.19,0.8474997881250529,3.47,24.517586760756302,High
S_1344,4,162,0,0,2,0,0.09047618832199553,89,0.0,0,-0.29,0.4285713673469475,2,0.55,0.7333332518518609,0.072,4.3,2,0.30904514848111847,3.56,0.40499989875002534,2.08,8.751616001196634,Low
S_1345,2,1010,0,0,1,0,0.12333333039682547,66,0.9999996666667778,0,-0.73,0.57142848979593,2,0.69,0.4777777246913639,-0.344,7.9,3,0.407035073609278,3.1,0.8749997812500546,2.49,12.39522378096615,Medium
S_1346,1,232,2,0,4,0,0.03928571335034016,7,0.0,0,0.731,0.285714244897965,2,0.92,0.9333332296296413,0.054,7.0,3,0.610552610413917,4.91,0.897499775625056,1.1,16.202837480399904,Medium
S_1347,3,424,0,0,2,0,0.20666666174603188,87,0.33333322222225925,0,-0.429,0.57142848979593,1,0.86,0.4333332851851906,0.49,9.8,2,0.876884201787889,4.12,0.2949999262500185,3.32,13.14974054134023,Medium
S_1348,4,839,0,1,1,1,0.10380952133786853,53,0.0,0,-0.986,0.0,2,0.66,0.5888888234567974,-0.082,6.8,3,0.3391958946743983,3.11,0.11999997000000749,3.53,13.553290869058412,Medium
S_1349,2,1170,0,1,1,0,0.5090476069274379,57,0.33333322222225925,0,-0.966,0.7142856122449125,2,0.05,0.15555553827160687,0.175,2.0,3,0.7939696497563693,1.76,0.2949999262500185,3.35,12.856349829010142,Medium
S_1350,1,467,0,1,2,0,0.4676190364852611,88,0.33333322222225925,0,0.853,0.7142856122449125,0,0.68,0.2777777469135837,0.214,1.9,2,0.7964822119391428,3.43,0.44249988937502766,1.93,10.634243232042335,Low
S_1351,3,624,0,0,2,0,0.17547618629818607,79,0.0,0,-0.105,0.857142734693895,2,0.59,0.3999999555555605,0.083,8.8,0,0.8567837043257023,3.76,0.6924998268750433,4.25,14.348497253024819,Medium
S_1352,4,205,0,0,0,0,0.5523809392290253,30,0.0,0,0.472,0.285714244897965,0,0.38,0.36666662592593047,0.359,6.2,4,0.5929646751345037,2.34,0.1699999575000106,2.16,9.299535775395322,Low
S_1353,4,302,0,0,3,0,0.19904761430839019,72,0.0,0,-0.648,0.285714244897965,1,0.26,0.2999999666666704,0.006,4.1,3,0.9447233807227687,2.97,0.07999998000000501,1.08,5.345294573443891,Low
S_1354,4,201,0,0,0,0,0.2647618984580501,32,0.33333322222225925,0,-0.905,0.857142734693895,2,0.98,0.07777776913580343,0.193,3.9,0,0.22864315863237217,1.39,0.9949997512500622,1.61,9.566546799968625,Low
S_1355,1,607,0,0,2,0,0.5469047488832203,66,0.0,0,-0.899,0.9999998571428775,2,0.67,0.37777773580247387,0.024,3.9,3,0.41708532234037127,4.03,0.6649998337500416,1.28,9.129132158183292,Low
S_1356,4,498,0,0,4,0,0.47452379822562385,62,0.0,0,0.235,0.1428571224489825,1,0.48,0.8111110209876645,0.18,7.9,0,0.5628139289412238,3.74,0.5074998731250316,4.89,15.860432377729117,Medium
S_1357,2,41,0,1,3,0,0.22714285173469403,21,0.0,0,0.468,0.57142848979593,2,0.47,0.7444443617284043,0.1,5.9,4,0.070351741117653,4.01,0.927499768125058,4.21,14.602969897348924,Medium
S_1358,4,788,0,0,2,0,0.31404761157029504,51,0.0,0,0.953,0.57142848979593,0,0.34,0.4999999444444507,-0.073,7.2,2,0.9472359429055419,4.04,0.0024999993750001582,1.84,8.07123558929164,Low
S_1359,1,452,1,0,2,0,0.03761904672335603,55,0.0,0,0.643,0.285714244897965,0,0.17,0.46666661481482064,0.382,8.2,3,0.8994972614328488,4.02,0.4574998856250286,3.55,15.762782507093366,Medium
S_1360,2,263,0,0,2,0,0.4685714174149663,66,0.0,0,0.888,0.285714244897965,0,0.4,0.23333330740741032,-0.301,3.5,0,0.07286430330042631,1.78,0.5549998612500348,1.85,6.958006690063556,Low
S_1361,2,743,1,0,3,0,0.433095227783447,78,0.0,0,-0.622,0.4285713673469475,0,0.34,0.19999997777778025,0.166,5.9,3,0.821607833766876,4.69,0.3774999056250235,3.43,15.5250359963945,Medium
S_1362,2,962,0,0,2,0,0.3480952298072565,6,0.0,0,0.631,0.285714244897965,2,0.26,0.07777776913580343,-0.344,8.4,1,0.610552610413917,1.61,0.1299999675000081,2.94,7.9116000320390425,Low
S_1363,2,105,0,0,1,0,0.38619046699546505,16,0.0,0,0.776,0.285714244897965,1,0.67,0.11111109876543349,0.433,7.4,4,0.7964822119391428,3.28,0.5949998512500372,2.59,10.095815101517843,Low
S_1364,3,777,0,1,2,0,0.10499999750000005,23,0.0,0,0.478,0.857142734693895,1,0.72,0.16666664814815021,-0.264,4.1,1,0.3668340786849048,4.95,0.10499997375000654,3.88,10.338119432517157,Low
S_1365,1,1171,0,0,1,0,0.3823809432766443,25,0.6666664444445185,0,-0.745,0.285714244897965,0,0.69,0.7555554716049476,0.075,1.1,0,0.7939696497563693,2.73,0.6299998425000394,3.29,14.76920640253071,Medium
S_1366,2,851,2,0,1,0,0.07761904577097511,55,0.33333322222225925,0,-0.671,0.7142856122449125,0,0.73,0.8111110209876645,-0.438,2.1,3,0.5728641776723171,1.57,0.9799997550000612,3.75,22.25162477910496,High
S_1367,1,900,0,1,2,1,0.2140476139512473,52,0.33333322222225925,0,0.532,0.285714244897965,2,0.65,0.03333332962963005,0.498,8.0,5,0.6884420380798898,1.03,0.767499808125048,2.76,15.053012641535325,Medium
S_1368,2,163,2,0,2,0,0.13571428248299328,2,0.0,0,0.571,0.4285713673469475,1,0.58,0.12222220864197683,-0.182,6.4,3,0.0,2.13,0.8949997762500559,1.59,14.236951760568918,Medium
S_1369,4,964,0,0,3,0,0.6111904616383225,8,0.6666664444445185,0,0.666,0.857142734693895,1,0.61,0.46666661481482064,0.104,3.1,3,0.7562812170147696,1.38,0.8924997768750558,3.79,17.277136802845657,High
S_1370,2,679,3,1,5,0,0.8611904556859417,77,0.33333322222225925,0,0.538,0.4285713673469475,2,0.85,0.02222221975308669,-0.084,8.1,3,0.5150752474685307,3.56,0.7499998125000469,1.48,21.31445530014638,High
S_1371,4,604,5,0,0,0,0.27499999345238113,32,0.33333322222225925,0,-0.648,0.57142848979593,1,0.56,0.12222220864197683,-0.203,6.4,0,0.4899496256407976,2.01,0.9699997575000605,3.33,32.018472393182634,High
S_1372,3,486,0,0,3,0,0.07214285542517011,61,0.6666664444445185,0,-0.087,0.4285713673469475,0,0.87,0.44444439506173394,-0.196,9.1,2,0.23366828299791884,3.57,0.7724998068750483,1.87,9.533571716236178,Low
S_1373,1,110,0,0,2,0,0.16904761502267585,38,0.33333322222225925,0,0.057,0.9999998571428775,1,0.04,0.45555550493827723,-0.434,2.8,1,0.5276380583823974,4.2,0.9574997606250598,4.19,14.828446320467908,Medium
S_1374,3,645,0,1,3,1,0.3185714209863948,72,0.0,0,-0.153,0.1428571224489825,0,0.14,0.6333332629629709,0.147,6.3,0,0.6834169137143433,2.23,0.8999997750000561,2.02,13.958844760460515,Medium
S_1375,2,838,0,1,3,1,0.018809523361678016,5,0.33333322222225925,0,0.884,0.9999998571428775,2,0.87,0.7111110320987744,0.202,5.7,0,0.6381907944244235,1.21,0.08249997937500517,1.23,12.856951800508323,Medium
S_1376,1,779,0,0,1,0,0.10547618796485267,44,0.0,0,-0.239,0.285714244897965,1,0.43,0.8444443506172944,-0.241,6.8,1,0.8668339530567957,2.25,0.9999997500000625,2.36,10.526023558599292,Low
S_1377,3,349,0,0,3,0,0.28809523123582786,18,0.0,0,-0.663,0.857142734693895,2,0.38,0.011111109876543358,0.079,6.4,3,0.06783917893487967,1.68,0.6949998262500434,3.1,10.42774332415987,Low
S_1378,2,372,1,1,4,0,0.06666666507936513,26,0.0,0,0.018,0.285714244897965,2,0.61,0.9333332296296413,-0.365,2.3,1,0.3115577106638917,4.96,0.08999997750000564,3.28,13.892985839586851,Medium
S_1379,4,803,0,1,3,0,0.6892856978741501,67,0.6666664444445185,0,0.362,0.0,2,0.37,0.5555554938271674,-0.005,5.1,5,0.3542712677710383,3.85,0.8024997993750501,2.65,12.983793774958645,Medium
S_1380,2,304,1,1,3,0,0.1549999963095239,14,0.33333322222225925,0,0.07,0.4285713673469475,1,0.48,0.9111110098765545,-0.111,2.8,1,0.6532661675210635,2.46,0.11249997187500702,2.68,15.071741531189986,Medium
S_1381,1,1068,0,0,5,0,0.4245237994161001,66,0.33333322222225925,0,0.963,0.285714244897965,1,0.7,0.6555554827160576,0.065,6.0,0,0.736180719552583,1.26,0.12249996937500765,1.11,8.142846661161778,Low
S_1382,2,394,1,1,2,0,0.2783333267063494,83,0.33333322222225925,0,0.062,0.1428571224489825,2,0.29,0.9666665592592711,0.445,2.2,2,0.743718406100903,3.44,0.767499808125048,4.21,20.6094315918126,High
S_1383,1,64,0,0,1,1,0.1561904724716554,55,0.33333322222225925,0,0.403,0.7142856122449125,1,0.29,0.3444444061728437,-0.015,4.5,0,0.2185929099012789,1.21,0.03749999062500232,2.34,12.874068418241382,Medium
S_1384,1,626,0,0,2,0,0.0652380936848073,1,0.33333322222225925,0,-0.645,0.9999998571428775,1,0.29,0.03333332962963005,-0.203,2.3,3,0.012562810913866615,1.39,0.41249989687502575,3.58,10.887276255559764,Low
S_1385,3,250,0,1,1,0,0.32452380179705237,18,0.0,0,0.325,0.857142734693895,0,0.51,0.4888888345679073,0.489,6.2,4,0.8793967639706621,1.18,0.8499997875000532,3.3,14.311919717453437,Medium
S_1386,1,461,0,0,4,0,0.19404761442743776,57,0.0,0,-0.362,0.9999998571428775,0,0.71,0.8555554604938377,0.191,8.4,0,0.540200869296264,3.31,0.672499831875042,2.05,11.516009472095929,Low
S_1387,3,787,0,0,0,0,0.1440476156179139,7,0.0,0,-0.151,0.9999998571428775,2,0.75,0.2111110876543236,-0.046,2.3,0,0.18592960152522575,3.0,0.559999860000035,1.17,6.619405145627764,Low
S_1388,2,311,2,1,2,0,0.34928570596938796,88,0.0,0,0.926,0.285714244897965,2,0.84,0.6888888123456876,-0.462,1.8,2,0.7462309682836763,3.86,0.16499995875001028,3.91,19.658182930524852,High
S_1389,3,595,0,1,2,0,0.01547619010770976,29,0.33333322222225925,0,-0.834,0.1428571224489825,1,0.23,0.7222221419753176,0.028,9.2,1,0.17587935279413244,1.3,0.8499997875000532,4.95,15.330687835608064,Medium
S_1390,2,963,0,1,2,0,0.12761904458049894,60,0.0,0,0.894,0.9999998571428775,2,0.99,0.1333333185185202,0.347,5.5,0,0.8366832068635157,4.57,0.15249996187500955,3.43,11.478539934196348,Low
S_1391,3,1175,0,0,1,0,0.06023809380385492,21,0.33333322222225925,0,-0.114,0.0,1,0.67,0.6444443728395142,-0.39,8.7,1,0.469849128178611,3.87,0.059999985000003746,3.6,10.123896164775502,Low
S_1392,3,815,0,0,0,0,0.08214285518707488,46,0.0,0,-0.311,0.285714244897965,1,0.47,0.6666665925926009,-0.43,8.1,5,0.1708542284285858,2.28,0.07749998062500485,4.17,10.623711022813552,Low
S_1393,4,695,0,0,2,0,0.013809523480725632,86,0.0,0,-0.802,0.0,2,0.08,0.4333332851851906,-0.431,9.6,4,0.08542711421429293,2.64,0.8374997906250522,4.72,11.679855121462145,Low
S_1394,1,63,3,1,5,0,0.24857142265306142,82,0.33333322222225925,0,0.958,0.1428571224489825,1,0.56,0.6888888123456876,0.223,8.5,2,0.5778893020378637,3.12,0.784999803750049,1.01,20.71198352609895,High
S_1395,3,483,0,1,0,0,0.17142856734693887,40,0.33333322222225925,0,-0.487,0.857142734693895,1,0.23,0.8111110209876645,-0.036,2.0,2,0.876884201787889,2.43,0.019999995000001266,2.93,12.36678809284627,Medium
S_1396,4,558,0,0,1,0,0.6295237945351478,86,0.0,0,-0.07,0.285714244897965,1,0.1,0.8222221308642078,-0.272,3.3,2,0.8844218883362089,4.89,0.4549998862500284,1.25,8.677087926830263,Low
S_1397,1,1132,5,1,2,0,0.24809523218820878,1,0.0,0,0.092,0.4285713673469475,0,0.91,0.8888887901234679,-0.416,9.0,0,0.4648240038130644,2.58,0.2274999431250142,1.24,26.835918691692015,High
S_1398,3,669,0,0,1,0,0.3211904685430841,77,0.0,0,-0.835,0.57142848979593,1,0.76,0.05555554938271674,0.292,5.1,1,0.7688440279286362,4.37,0.5849998537500365,1.8,8.395938768797972,Low
S_1399,4,204,0,0,3,1,0.7716666482936514,22,0.33333322222225925,0,-0.816,0.857142734693895,1,0.11,0.8999999000000112,0.231,4.6,3,0.9522610672710885,4.37,0.28749992812501796,3.1,19.91854570445668,High
S_1400,1,506,0,0,2,1,0.3180952305215422,42,0.0,0,0.476,0.1428571224489825,2,0.77,0.4333332851851906,-0.34,1.8,0,0.03768843274159979,1.77,0.784999803750049,2.44,12.347687832259862,Medium
S_1401,4,399,3,0,2,0,0.08714285506802726,36,0.0,0,0.737,0.7142856122449125,0,0.79,0.22222219753086697,-0.073,5.7,1,0.0,2.48,0.7949998012500495,1.48,18.760665984786606,High
S_1402,2,509,2,0,3,0,0.34714284887755126,4,0.0,0,-0.257,0.0,2,0.95,0.5888888234567974,0.475,1.9,3,0.540200869296264,2.14,0.7874998031250493,1.02,15.913295492549409,Medium
S_1403,3,288,1,1,2,0,0.40857141884353765,20,0.6666664444445185,0,0.188,0.4285713673469475,2,0.73,0.6666665925926009,-0.155,8.2,0,0.31909539721221175,1.12,0.8049997987500502,1.56,14.821951097048178,Medium
S_1404,2,950,0,0,1,0,0.29928570715986413,16,0.0,0,0.753,0.857142734693895,2,0.63,0.19999997777778025,-0.051,8.9,4,0.7989947741219161,4.47,0.9499997625000594,2.95,11.709136823322758,Low
S_1405,1,312,1,0,1,0,0.28857142170068045,13,0.0,1,-0.159,0.857142734693895,1,0.3,0.9666665592592711,-0.024,3.4,1,0.5628139289412238,3.6,0.5074998731250316,2.05,19.10981308745893,High
S_1406,4,1056,0,0,2,0,0.2511904702097507,31,0.33333322222225925,0,-0.606,0.4285713673469475,1,0.24,0.5999999333333408,0.175,6.8,3,0.743718406100903,1.79,0.399999900000025,3.03,12.3644318180909,Medium
S_1407,4,473,0,1,3,0,0.32166665900793673,37,0.33333322222225925,0,-0.685,0.857142734693895,1,0.39,0.3999999555555605,-0.483,7.7,3,0.510050123102984,3.48,0.039999990000002476,1.68,7.863335082848048,Low
S_1408,2,847,0,0,4,0,0.21190475685941057,8,0.33333322222225925,0,-0.083,0.857142734693895,2,0.32,0.4777777246913639,0.136,9.3,3,0.7738691522941827,2.81,0.8074997981250506,4.98,17.404201329251176,High
S_1409,4,904,0,0,0,0,0.35928570573129276,38,0.33333322222225925,0,-0.404,0.285714244897965,0,0.17,0.9555554493827279,-0.278,7.3,3,0.3517587055882649,1.28,0.08749997812500548,1.23,7.946710283643045,Low
S_1410,1,1045,0,1,4,0,0.22690475650226774,81,0.33333322222225925,0,0.405,0.7142856122449125,1,0.73,0.04444443950617338,-0.304,9.7,4,0.5728641776723171,4.38,0.6224998443750389,4.62,13.692482345604322,Medium
S_1411,4,325,3,0,2,0,0.1197619019104309,63,0.6666664444445185,0,0.265,0.857142734693895,2,0.33,0.8555554604938377,0.459,4.6,3,0.7311555951870364,1.83,0.8874997781250554,2.6,27.2643920413713,High
S_1412,4,531,0,1,2,0,0.32999999214285736,20,0.0,0,-0.748,0.285714244897965,2,0.31,0.0666666592592601,0.171,7.7,3,0.4371858198025578,3.46,0.8774997806250547,4.94,14.175613825054949,Medium
S_1413,2,127,0,1,1,0,0.17499999583333342,43,0.6666664444445185,0,0.905,0.9999998571428775,1,0.37,0.4888888345679073,-0.444,6.8,1,0.08040198984874629,3.6,0.5624998593750351,1.6,9.509067247421848,Low
S_1414,4,777,0,1,5,1,0.1197619019104309,69,0.0,1,0.811,0.9999998571428775,1,0.99,0.36666662592593047,-0.105,6.5,3,0.3819094517815448,3.97,0.022499994375001425,2.12,15.916194738326386,Medium
S_1415,4,812,2,0,1,0,0.2704761840362814,21,0.33333322222225925,0,-0.123,0.0,2,0.49,0.6111110432098842,0.123,5.2,5,0.05778893020378637,4.61,0.3624999093750227,2.24,17.15355009735911,High
S_1416,1,382,0,0,1,1,0.3688095150283449,23,0.33333322222225925,0,-0.533,0.7142856122449125,1,0.78,0.7777776913580343,-0.384,9.1,1,0.4346732576197845,2.6,0.7349998162500458,3.25,17.505005400435614,High
S_1417,3,824,0,0,3,0,0.3769047529308393,21,0.6666664444445185,0,0.544,0.0,0,0.47,0.1333333185185202,0.074,3.1,5,0.14572860660085263,4.92,0.9024997743750565,4.17,13.9694417030326,Medium
S_1418,3,988,0,0,1,0,0.2609523747392292,78,0.0,0,-0.529,0.1428571224489825,1,0.31,0.699999922222231,-0.429,1.1,1,0.42211044670591796,2.05,0.3324999168750208,2.48,8.357681416238306,Low
S_1419,4,418,0,0,1,0,0.11166666400793657,67,0.33333322222225925,0,0.215,0.1428571224489825,0,0.91,0.18888886790123693,0.472,8.5,2,0.5728641776723171,3.37,0.8624997843750539,1.02,7.469244253714688,Low
S_1420,2,539,0,1,2,0,0.13904761573696153,12,0.0,0,0.692,0.285714244897965,1,0.59,0.7444443617284043,0.319,8.3,5,0.821607833766876,4.0,0.2949999262500185,2.62,10.511512108458941,Low
S_1421,4,438,0,1,0,0,0.16547618653628127,88,0.0,0,-0.544,0.0,0,0.02,0.255555527160497,0.323,3.4,0,0.3693466408676782,3.45,0.19249995187501204,1.9,6.4634416857080375,Low
S_1422,1,847,0,0,2,0,0.4771428457823132,15,0.33333322222225925,0,0.16,0.57142848979593,0,0.73,0.0888888790123468,-0.44,6.3,4,0.32160795939498504,4.0,0.8174997956250509,3.09,11.097559371287705,Low
S_1423,2,1139,0,0,1,0,0.0945238072732427,68,0.0,0,-0.206,0.4285713673469475,0,0.02,0.36666662592593047,-0.014,6.7,3,0.9271354454433554,2.84,0.6274998431250391,3.37,11.134849165984848,Low
S_1424,2,516,0,1,1,0,0.1928571382653063,33,0.33333322222225925,0,-0.676,0.7142856122449125,0,0.35,0.255555527160497,-0.151,5.1,3,0.27638184010506534,3.94,0.41249989687502575,3.99,12.55319052128913,Medium
S_1425,1,336,1,1,1,0,0.12214285423469395,10,0.6666664444445185,0,-0.108,0.4285713673469475,2,0.38,0.7444443617284043,-0.416,5.6,3,0.4095476357920513,3.42,0.47249988187502956,3.24,16.459451115458855,Medium
S_1426,2,512,0,0,3,0,0.052857141598639495,82,0.33333322222225925,0,0.31,0.285714244897965,2,0.58,0.988888779012358,-0.077,8.4,1,0.9296480076261286,1.77,0.4874998781250305,2.73,11.907313682171889,Low
S_1427,1,182,0,0,5,0,0.3909523716439912,88,0.0,1,0.505,0.285714244897965,1,0.97,0.6111110432098842,0.285,9.2,1,0.266331591373972,1.85,0.5449998637500341,3.95,17.403950053231597,High
S_1428,3,324,0,2,1,0,0.15738094863378693,59,0.0,0,-0.632,0.1428571224489825,1,0.2,0.799999911111121,-0.369,1.4,5,0.012562810913866615,2.31,0.3124999218750195,2.2,7.457419478796595,Low
S_1429,2,1173,1,0,4,0,0.013571428248299329,46,0.6666664444445185,1,-0.746,0.285714244897965,1,0.33,0.699999922222231,-0.308,4.6,1,0.4522611928991977,4.27,0.2774999306250173,3.79,20.68340292869031,High
S_1430,1,147,0,0,1,0,0.5109523687868485,80,0.0,0,-0.584,0.57142848979593,2,0.03,0.31111107654321374,-0.414,1.7,1,0.36432151650213157,3.85,0.8249997937500515,2.1,8.995368419584281,Low
S_1431,3,1044,0,0,3,0,0.2078571379081634,89,0.33333322222225925,0,0.534,0.857142734693895,0,0.39,0.36666662592593047,0.135,2.4,0,0.7462309682836763,1.21,0.2949999262500185,1.91,9.864087248340564,Low
S_1432,4,211,0,0,1,0,0.25404761299886636,59,0.0,0,-0.679,0.57142848979593,1,0.01,0.7222221419753176,-0.145,5.2,2,0.5376883071134907,3.32,0.9074997731250567,3.52,13.174354097878016,Medium
S_1433,2,302,0,1,3,0,0.16452380560657606,74,0.33333322222225925,1,-0.298,0.857142734693895,2,0.84,0.26666663703704035,0.451,1.7,5,0.791457087573596,1.38,0.2949999262500185,2.71,15.71131340405905,Medium
S_1434,3,1020,1,1,1,0,0.5542857010884358,56,0.33333322222225925,0,-0.645,0.57142848979593,0,0.72,0.05555554938271674,-0.35,8.8,1,0.20854266117018563,3.8,0.16749995812501045,2.6,13.015922975092302,Medium
S_1435,1,790,2,1,1,0,0.2128571377891158,54,0.0,0,-0.758,0.857142734693895,1,0.22,0.6666665925926009,-0.467,8.5,1,0.9874369378299152,1.26,0.12749996812500797,2.91,18.48129353461287,High
S_1436,4,1108,0,0,2,0,0.11809523528344679,60,0.0,0,-0.319,0.7142856122449125,0,0.05,0.5222221641975374,-0.321,5.8,2,0.09547736294538617,3.53,0.6474998381250404,4.64,13.378000462128245,Medium
S_1437,4,1011,0,0,0,0,0.21761904243764188,85,0.0,0,0.925,0.285714244897965,1,0.5,0.3555555160493872,0.021,10.0,0,0.8643213908740224,1.32,0.1074999731250067,1.46,6.332273502381053,Low
S_1438,2,499,0,0,4,0,0.5128571306462588,25,0.33333322222225925,0,-0.008,0.7142856122449125,0,0.84,0.6777777024691441,0.205,7.7,1,0.6532661675210635,3.88,0.9474997631250592,3.6,16.158741084273995,Medium
S_1439,1,935,1,0,1,0,0.01976190429138323,46,0.33333322222225925,0,-0.143,0.7142856122449125,0,0.51,0.18888886790123693,0.317,7.2,3,0.462311441630291,4.14,0.399999900000025,2.62,14.190834449364804,Medium
S_1440,3,386,2,1,4,0,0.2495238035827666,27,0.6666664444445185,0,-0.961,0.0,0,0.91,0.4333332851851906,-0.309,3.0,1,0.203517536804639,3.12,0.5199998700000324,2.17,17.014087876442133,High
S_1441,4,263,0,1,2,0,0.026190475566893443,42,0.0,0,0.434,0.1428571224489825,1,0.28,0.23333330740741032,-0.059,6.0,2,0.7613063413803162,1.78,0.5849998537500365,3.14,9.157591642701266,Low
S_1442,4,859,0,1,5,0,0.22142856615646275,83,0.0,0,-0.393,0.857142734693895,2,0.62,0.45555550493827723,0.244,7.2,2,0.9070349479811688,1.51,0.07749998062500485,2.47,10.23527259190319,Low
S_1443,3,582,0,1,1,0,0.2264285660374151,65,0.0,1,-0.138,0.1428571224489825,2,0.59,0.46666661481482064,-0.289,10.0,5,0.27889440228783857,2.9,0.3349999162500209,2.04,10.815894022242553,Low
S_1444,3,594,1,1,2,0,0.2252380898752836,33,0.0,0,-0.328,0.285714244897965,0,0.99,0.8666665703703812,0.22,8.0,0,0.23869340736346548,2.58,0.9299997675000581,3.47,17.325835412896506,High
S_1445,3,875,0,0,1,2,0.06976190310090707,81,0.0,0,0.954,0.1428571224489825,2,0.92,0.9444443395061846,-0.08,5.9,0,0.6256279835105568,1.38,0.7274998181250455,3.26,19.768960592479885,High
S_1446,2,923,0,0,2,0,0.4473809417290252,77,0.9999996666667778,0,-0.344,0.1428571224489825,0,0.95,0.24444441728395366,-0.242,3.3,5,0.8266329581324224,2.85,0.4524998868750283,2.32,11.248822053819714,Low
S_1447,2,187,0,0,5,0,0.28499999321428593,14,0.0,0,-0.538,0.57142848979593,0,0.49,0.4222221753086472,0.083,6.8,3,0.6281405456933302,3.29,0.09999997500000622,3.77,11.798663980854002,Low
S_1448,1,1048,0,0,2,0,0.06761904600907034,5,0.0,0,-0.112,0.1428571224489825,1,0.55,0.7444443617284043,0.298,6.4,3,0.6155777347794636,2.01,0.7949998012500495,2.42,10.363481805389952,Low
S_1449,2,460,0,0,2,0,0.246666660793651,43,0.33333322222225925,0,0.733,0.285714244897965,1,0.07,0.11111109876543349,0.396,3.8,4,0.7537686548319962,1.1,0.6149998462500385,4.16,13.740529782472034,Medium
S_1450,4,208,0,0,0,1,0.2666666603174605,25,0.0,0,0.335,0.57142848979593,0,0.26,0.7777776913580343,-0.161,3.8,0,0.15829141751471917,3.13,0.5874998531250367,2.88,15.047481158383139,Medium
S_1451,3,529,0,0,2,0,0.3502380868990932,48,0.6666664444445185,0,0.463,0.857142734693895,0,0.64,0.988888779012358,0.004,7.3,1,0.017587935279413262,3.68,0.11249997187500702,3.32,14.622253279485125,Medium
S_1452,1,625,0,0,0,0,0.2821428504251703,9,0.0,1,0.945,0.4285713673469475,0,0.4,0.9333332296296413,0.13,3.1,3,0.743718406100903,1.52,0.5949998512500372,4.66,20.017289083459307,High
S_1453,2,739,0,0,5,1,0.6135714139625854,65,0.0,0,0.631,0.1428571224489825,2,0.98,0.5555554938271674,0.469,7.3,1,0.7487435304664496,3.53,0.367499908125023,4.05,18.314838314983717,High
S_1454,4,1198,0,0,1,0,0.06238095089569165,0,0.33333322222225925,0,0.655,0.7142856122449125,1,0.4,0.6333332629629709,-0.179,5.6,0,0.16834166624581248,1.88,0.4549998862500284,2.24,9.71605497147846,Low
S_1455,1,480,1,1,3,0,0.13380952062358284,48,0.33333322222225925,0,-0.866,0.285714244897965,0,0.4,0.5222221641975374,-0.223,3.1,1,0.5854269885861838,4.76,0.09749997562500606,4.04,15.953950150762264,Medium
S_1456,2,869,0,0,3,0,0.09142856925170074,36,0.0,0,0.464,0.57142848979593,0,0.6,0.766666581481491,0.162,8.9,2,0.11809042259034608,1.68,0.6199998450000387,4.0,13.39923254438186,Medium
S_1457,1,1063,0,0,2,0,0.3069047545975059,46,0.0,0,-0.667,0.57142848979593,2,0.65,0.7777776913580343,0.387,2.7,5,0.22613059644959885,1.25,0.3049999237500191,4.3,14.607034761408116,Medium
S_1458,1,279,2,0,1,0,0.6854761741553292,32,0.0,0,-0.566,0.4285713673469475,2,0.43,0.36666662592593047,0.17,4.7,5,0.22613059644959885,3.7,0.03749999062500232,2.18,17.014701712637276,High
S_1459,2,612,1,1,3,0,0.5023809404195014,42,0.33333322222225925,1,0.444,0.57142848979593,0,0.47,0.9111110098765545,0.393,6.7,0,0.31909539721221175,1.32,0.9149997712500572,3.67,24.658427436859135,High
S_1460,4,767,0,0,0,0,0.19833332861111125,38,0.0,0,0.536,0.0,0,0.69,0.5666666037037107,0.393,7.4,4,0.8165827094013292,1.87,0.46499988375002904,2.48,9.787582273845853,Low
S_1461,1,266,0,1,0,0,0.2049999951190478,47,0.33333322222225925,0,-0.371,0.285714244897965,1,0.67,0.3999999555555605,-0.256,3.0,1,0.603014923865597,1.93,0.8224997943750514,4.52,14.162442521102232,Medium
S_1462,4,842,1,1,2,0,0.2528571368367349,58,0.0,0,0.956,0.7142856122449125,2,0.76,0.23333330740741032,-0.047,9.1,4,0.6356782322416501,3.83,0.5874998531250367,3.37,15.343820495713985,Medium
S_1463,1,1098,2,0,3,0,0.631190461162132,34,0.0,0,0.07,0.7142856122449125,0,0.82,0.18888886790123693,-0.261,5.5,3,0.15577885533194585,1.5,0.04999998750000311,1.6,14.822588042011883,Medium
S_1464,2,435,1,0,2,0,0.2252380898752836,66,0.0,0,0.255,0.0,2,0.56,0.15555553827160687,0.087,4.5,1,0.407035073609278,4.42,0.3074999231250192,2.97,12.27841580429999,Medium
S_1465,3,279,1,0,0,0,0.08666666460317467,18,0.33333322222225925,0,0.76,0.4285713673469475,0,0.69,0.4222221753086472,-0.178,1.5,1,0.19597985025631903,4.08,0.4874998781250305,1.96,12.118788527602518,Medium
S_1466,1,842,0,1,3,1,0.3066666593650796,4,0.0,0,0.612,0.57142848979593,1,0.04,0.2111110876543236,-0.037,3.8,1,0.030150746193279822,1.14,0.6299998425000394,2.61,13.132340651843428,Medium
S_1467,3,791,0,0,1,0,0.06142856996598643,53,0.33333322222225925,0,0.035,0.9999998571428775,2,0.56,0.0888888790123468,-0.255,1.1,4,0.18090447715967908,1.75,0.79999980000005,1.3,7.321855805047312,Low
S_1468,1,426,0,0,1,0,0.08976190262471662,37,0.6666664444445185,0,-0.912,0.0,0,0.5,0.8666665703703812,0.092,4.4,0,0.8366832068635157,3.36,0.08499997875000533,2.43,10.919967916682376,Low
S_1469,1,715,0,2,1,0,0.2019047570975058,57,0.6666664444445185,0,0.925,0.9999998571428775,1,0.41,0.4888888345679073,0.317,3.8,0,0.10050248731093281,3.52,0.6599998350000412,1.78,11.686881979926568,Low
S_1470,4,448,1,1,3,0,0.2614285652040818,34,0.0,0,-0.305,0.7142856122449125,2,0.37,0.5999999333333408,-0.351,2.0,2,0.6959797246282099,4.66,0.9424997643750588,4.75,19.391835973480422,High
S_1471,1,672,0,0,1,0,0.9999999761904769,62,0.0,1,0.698,0.7142856122449125,0,0.16,0.8555554604938377,-0.051,2.6,4,0.3969848248781847,1.9,0.6174998456250386,2.54,17.60522205067103,High
S_1472,3,598,2,0,4,0,0.07428571251700686,73,0.0,0,-0.629,0.7142856122449125,0,0.96,0.6222221530864275,-0.306,6.4,0,0.1834170393424524,2.84,0.48499987875003026,3.39,18.83951161814264,High
S_1473,3,490,0,0,1,0,0.05190476066893428,44,0.33333322222225925,0,-0.773,0.7142856122449125,1,0.3,0.2111110876543236,0.315,9.9,3,0.4949747500063443,4.25,0.10499997375000654,3.28,11.112593133632734,Low
S_1474,2,60,1,0,1,0,0.14428571085034023,51,0.33333322222225925,0,0.75,0.285714244897965,1,0.1,0.3999999555555605,0.247,6.3,4,0.6708541028004766,3.54,0.9849997537500617,1.16,12.65913876598101,Medium
S_1475,4,800,0,0,1,0,0.822380932800454,56,0.0,0,0.42,0.4285713673469475,1,0.89,0.09999998888889013,-0.274,9.9,1,0.07788942766597295,4.08,0.18999995250001186,3.53,10.594174832427925,Low
S_1476,4,768,0,1,1,0,0.10952380691609984,12,0.0,0,-0.893,0.1428571224489825,1,0.06,0.1333333185185202,0.077,3.6,5,0.5979897995000504,4.29,0.16499995875001028,1.55,5.196275338201897,Low
S_1477,3,812,0,0,1,0,0.37476189583900255,14,0.0,0,-0.422,0.7142856122449125,2,0.7,0.8555554604938377,-0.206,2.4,4,0.3391958946743983,4.55,0.15999996000000996,3.18,11.726719108162765,Low
S_1478,4,559,0,1,1,0,0.05619047485260775,7,0.33333322222225925,1,-0.597,0.857142734693895,1,0.57,0.37777773580247387,-0.475,2.7,4,0.5703516154895438,3.89,0.042499989375002635,1.78,11.281541362259363,Low
S_1479,2,493,0,0,0,0,0.338333325277778,84,0.0,0,-0.469,0.0,1,0.51,0.11111109876543349,0.395,7.8,2,0.9497485050883152,1.22,0.3099999225000194,4.65,13.00808162221799,Medium
S_1480,2,85,3,2,1,0,0.07380952205215424,87,0.0,0,0.391,0.285714244897965,2,0.63,0.4111110654321039,0.417,4.9,3,0.27889440228783857,4.34,0.7124998218750446,3.27,23.104084298286633,High
S_1481,1,619,0,0,2,0,0.10880952121882091,48,0.33333322222225925,0,0.23,0.7142856122449125,2,0.44,0.8555554604938377,0.06,9.5,2,0.7412058439181297,1.45,0.8399997900000525,2.7,13.262871260212814,Medium
S_1482,3,364,0,0,1,0,0.16023809142290257,34,0.33333322222225925,0,-0.113,0.9999998571428775,1,0.83,0.5555554938271674,0.019,4.8,1,0.4271355710714646,1.36,0.207499948125013,2.37,10.767515604024233,Low
S_1483,4,149,0,1,2,0,0.6135714139625854,15,0.0,0,-0.295,0.57142848979593,2,0.32,0.4222221753086472,-0.475,2.3,4,0.6884420380798898,4.23,0.272499931875017,1.75,8.03367964923548,Low
S_1484,2,1123,0,1,0,0,0.01428571394557824,72,0.33333322222225925,0,-0.594,0.4285713673469475,1,0.79,0.1777777580246936,-0.008,9.6,1,0.6984922868109832,2.79,0.8124997968750508,3.74,12.220824697832573,Medium
S_1485,4,316,0,0,0,0,0.25214285113945595,73,0.0,0,-0.768,0.857142734693895,0,0.25,0.46666661481482064,-0.271,1.8,5,0.829145520315196,2.22,0.512499871875032,4.75,14.68285913131588,Medium
S_1486,2,916,3,0,3,0,0.34595237271541973,23,0.0,0,-0.728,0.857142734693895,0,0.66,0.31111107654321374,-0.478,7.1,1,0.20854266117018563,2.81,0.5424998643750338,2.23,20.483018207083944,High
S_1487,4,399,1,0,2,1,0.2890476121655331,70,0.0,0,0.284,0.4285713673469475,2,0.8,0.2111110876543236,-0.265,6.4,4,0.9447233807227687,3.4,0.4624998843750289,4.97,21.637341983626293,High
S_1488,3,238,0,0,3,0,0.08499999797619054,53,0.0,0,-0.591,0.7142856122449125,0,0.95,0.03333332962963005,-0.215,7.1,5,0.6407033566071968,4.65,0.6149998462500385,4.13,11.48427425641456,Low
S_1489,1,662,0,0,4,1,0.11261904493764179,11,0.33333322222225925,0,0.381,0.57142848979593,1,0.7,0.3555555160493872,0.339,9.7,0,0.2512562182773321,2.58,0.7424998143750464,3.52,17.00163617624715,High
S_1490,2,97,3,0,1,0,0.35333332492063513,64,0.0,0,0.89,0.0,1,0.68,0.5888888234567974,-0.28,9.9,3,0.15577885533194585,3.7,0.49999987500003124,1.84,19.102445050464304,High
S_1491,1,631,1,0,1,0,0.5383333205158733,60,0.0,0,0.967,0.9999998571428775,0,0.46,0.33333329629630043,0.479,7.6,5,0.5728641776723171,4.34,0.012499996875000792,4.08,18.330863736144593,High
S_1492,1,108,0,0,2,0,0.34571427748299344,29,0.0,0,-0.239,0.1428571224489825,1,0.12,0.9999998888889013,-0.02,6.2,2,0.7060299733593032,4.18,0.19249995187501204,2.8,10.973886621122976,Low
S_1493,4,613,5,0,3,0,0.1609523771201815,84,0.0,0,0.687,0.857142734693895,1,0.32,0.8888887901234679,-0.251,9.7,2,0.7638189035630895,2.57,0.7174998206250448,3.84,34.24062751593192,High
S_1494,1,544,0,0,1,0,0.335952372953515,72,0.0,0,-0.603,0.4285713673469475,1,0.3,0.4999999444444507,0.227,4.5,1,0.6532661675210635,3.88,0.6749998312500423,1.79,9.40226551690894,Low
S_1495,2,485,0,1,3,1,0.11880952098072568,41,0.6666664444445185,0,-0.45,0.1428571224489825,0,0.59,0.3999999555555605,-0.201,2.5,5,0.8065324606702361,4.91,0.042499989375002635,4.85,18.03167444726062,High
S_1496,1,535,1,1,2,0,0.5295237969161002,22,0.6666664444445185,0,-0.022,0.0,2,0.28,0.511111054320994,0.029,2.3,1,0.532663182747944,1.39,0.5624998593750351,1.88,14.597566788542853,Medium
S_1497,3,724,0,0,2,0,0.14047618713151935,51,0.0,0,0.672,0.857142734693895,0,0.18,0.28888885679012705,0.239,1.5,5,0.469849128178611,3.89,0.3349999162500209,4.22,13.060229561831381,Medium
S_1498,1,699,2,1,1,0,0.031190475447845825,64,0.0,0,-0.155,0.4285713673469475,1,0.61,0.26666663703704035,-0.423,1.5,1,0.9170851967122621,1.17,0.4674998831250292,4.19,19.136799035110876,High
S_1499,3,1128,0,0,0,0,0.053809522528344714,61,0.33333322222225925,0,0.017,0.0,1,0.93,0.4999999444444507,0.047,5.7,4,0.24371853172901212,3.22,0.7074998231250442,2.13,8.674146245564264,Low
S_1500,4,1176,1,0,2,0,0.14785713933673478,49,0.0,1,-0.733,0.0,2,0.37,0.3555555160493872,-0.422,8.6,0,0.26130646700842536,2.72,0.6624998343750413,3.24,16.732544101916872,Medium
S_1501,4,954,0,0,0,0,0.13476190155328804,73,0.0,0,0.269,0.285714244897965,0,0.17,0.3999999555555605,0.436,7.7,0,0.5829144264034104,3.29,0.07749998062500485,2.5,8.785628448775896,Low
S_1502,1,329,0,0,3,0,0.36619046747165557,32,0.0,0,0.12,0.7142856122449125,1,0.58,0.4222221753086472,0.055,4.9,2,0.11809042259034608,1.41,0.2799999300000175,1.36,7.301899435421115,Low
S_1503,3,46,3,2,2,0,0.2611904699716555,57,0.6666664444445185,0,-0.961,0.1428571224489825,1,0.94,0.07777776913580343,0.41,5.2,5,0.4723616903613843,1.48,0.5474998631250342,2.72,23.12997971216535,High
S_1504,2,731,0,0,4,0,0.18738094791950125,85,0.0,0,-0.981,0.857142734693895,0,0.71,0.6777777024691441,0.482,1.0,1,0.6005023616828237,3.18,0.44499988875002777,1.66,10.084263559736607,Low
S_1505,4,756,2,2,1,0,0.19238094780045364,7,0.6666664444445185,0,0.815,0.285714244897965,1,0.63,0.8777776802469245,0.473,7.2,2,0.2964823375672519,4.41,0.7324998168750458,3.75,23.989385678588963,High
S_1506,2,1008,1,2,0,0,0.2949999929761907,14,0.0,0,0.553,0.7142856122449125,1,0.88,0.5222221641975374,-0.451,7.5,3,0.9874369378299152,2.07,0.08499997875000533,4.64,17.415674591340935,High
S_1507,4,761,2,1,2,0,0.31142856401360564,8,0.33333322222225925,0,0.621,0.9999998571428775,1,0.65,0.44444439506173394,0.486,8.7,5,0.4924621878235709,3.09,0.9174997706250573,2.3,21.167079987252237,High
S_1508,1,765,0,1,1,0,0.19333332873015888,27,0.33333322222225925,0,0.236,0.1428571224489825,1,0.12,0.7222221419753176,0.04,6.6,5,0.4095476357920513,4.18,0.15749996062500982,2.91,10.656927880723243,Low
S_1509,1,620,1,1,1,0,0.35309522968820883,86,0.33333322222225925,0,-0.778,0.4285713673469475,0,0.63,0.3555555160493872,-0.266,4.5,4,0.9999997487437817,4.96,0.48499987875003026,4.47,18.3610941448173,High
S_1510,1,738,0,0,2,0,0.024999999404761917,11,0.33333322222225925,0,0.601,0.857142734693895,1,0.57,0.799999911111121,0.169,9.2,5,0.6758792271660233,3.45,0.9724997568750606,1.19,10.528163608518362,Low
S_1511,3,944,1,0,2,0,0.16190475804988672,64,0.0,0,-0.093,0.57142848979593,2,0.9,0.699999922222231,0.299,5.2,2,0.13819092005253267,2.47,0.5274998681250329,3.79,17.099761676710813,High
S_1512,4,523,0,0,1,0,0.12047618760770981,38,0.0,1,0.085,0.1428571224489825,2,0.12,0.05555554938271674,-0.154,6.0,3,0.4246230088886912,1.75,0.11749997062500733,4.18,13.525432406007951,Medium
S_1513,2,527,2,0,2,0,0.05142857020408167,76,0.33333322222225925,0,-0.572,0.0,2,0.98,0.37777773580247387,0.327,8.4,5,0.3969848248781847,1.19,0.7274998181250455,4.27,21.33360304581472,High
S_1514,4,1167,3,1,1,0,0.12238094946712025,59,0.6666664444445185,0,0.311,0.285714244897965,1,0.22,0.9666665592592711,-0.069,5.8,0,0.3341707703088517,1.41,0.3099999225000194,1.13,20.91474096461755,High
S_1515,3,526,1,1,1,0,0.23785713719387772,29,0.0,0,-0.459,0.857142734693895,0,0.5,0.46666661481482064,-0.131,7.1,5,0.37437176523322474,1.4,0.6224998443750389,4.63,18.445228179397187,High
S_1516,4,996,0,0,6,0,0.18214285280612255,77,0.0,0,-0.414,0.0,0,0.12,0.6111110432098842,0.379,1.8,2,0.7613063413803162,3.54,0.11249997187500702,3.13,10.38406797317835,Low
S_1517,1,748,2,0,3,0,0.3938095144331068,49,0.33333322222225925,0,-0.812,0.7142856122449125,2,0.5,0.6111110432098842,-0.342,1.3,4,0.8668339530567957,2.53,0.9924997518750619,2.57,20.751166020892494,High
S_1518,4,669,2,0,1,0,0.3949999905952383,61,0.33333322222225925,1,-0.028,0.4285713673469475,2,0.42,0.09999998888889013,-0.496,8.5,0,0.5552762423929039,1.19,0.7899998025000494,4.93,26.345418187206057,High
S_1519,4,34,0,1,4,0,0.13499999678571437,7,0.0,0,-0.159,0.857142734693895,2,0.4,0.03333332962963005,-0.335,9.5,1,0.3869345761470914,2.9,0.4524998868750283,4.34,11.521219798530971,Low
S_1520,4,640,0,0,3,0,0.32261903993764196,63,0.0,0,-0.584,0.0,0,0.94,0.38888884567901716,0.443,7.2,5,0.6055274860483704,4.61,0.3124999218750195,3.29,10.831050986648387,Low
S_1521,4,480,2,0,0,0,0.2888095169331068,72,0.33333322222225925,0,0.971,0.857142734693895,2,0.5,0.5222221641975374,-0.352,1.3,2,0.15577885533194585,4.21,0.20249994937501267,2.83,18.664158933528473,High
S_1522,4,252,0,0,0,0,0.20071428093537427,76,0.33333322222225925,0,-0.258,0.57142848979593,1,0.59,0.3444444061728437,0.273,1.1,0,0.47487425254415766,1.71,0.3774999056250235,4.6,14.754206771377497,Medium
S_1523,1,202,3,1,2,0,0.05452380822562362,60,0.0,0,-0.992,0.285714244897965,1,0.48,0.09999998888889013,-0.138,3.1,4,0.022613059644959906,4.21,0.4899998775000306,4.31,22.38161269578449,High
S_1524,1,523,2,0,2,0,0.6333333182539687,61,0.0,0,0.24,0.9999998571428775,0,0.04,0.6777777024691441,-0.361,2.9,3,0.9045223857983955,3.99,0.5549998612500348,4.5,24.22585488475356,High
S_1525,1,726,0,0,2,0,0.031666665912698434,71,0.33333322222225925,0,-0.922,0.857142734693895,0,0.78,0.04444443950617338,-0.142,5.9,1,0.4447235063508778,1.92,0.7199998200000449,2.25,9.04334159866215,Low
S_1526,2,1115,0,0,1,0,0.1361904729478459,16,0.0,0,-0.323,0.857142734693895,2,0.72,0.9777776691358147,-0.414,6.5,3,0.36180895431935817,1.67,0.2274999431250142,2.16,9.364998736208157,Low
S_1527,3,922,0,0,1,0,0.581904748049887,8,0.0,0,-0.002,0.7142856122449125,0,0.19,0.16666664814815021,0.464,2.9,2,0.3517587055882649,3.93,0.7174998206250448,4.66,15.709043759922292,Medium
S_1528,1,1188,0,1,1,0,0.4116666568650796,0,0.33333322222225925,0,0.732,0.1428571224489825,2,0.67,0.6444443728395142,0.068,7.7,1,0.11306529822479942,1.3,0.13999996500000875,4.17,13.32311222890334,Medium
S_1529,1,742,0,0,1,0,0.2676190412471657,67,0.0,0,0.082,0.1428571224489825,0,0.25,0.03333332962963005,0.316,3.5,1,0.2311557208151455,1.47,0.0024999993750001582,3.94,9.936727077093497,Low
S_1530,4,182,0,1,5,0,0.16452380560657606,38,0.0,0,-0.429,0.0,2,0.57,0.1444444283950635,0.39,3.5,5,0.48492450127525094,1.69,0.16249995937501013,2.73,7.97682912203019,Low
S_1531,4,386,0,0,2,0,0.184047614665533,62,0.33333322222225925,0,0.287,0.9999998571428775,0,0.51,0.37777773580247387,0.172,8.6,0,0.1105527360420261,3.5,0.6524998368750408,2.8,12.045027842148661,Medium
S_1532,4,703,0,1,3,1,0.2509523749773244,75,0.33333322222225925,0,0.93,0.7142856122449125,0,0.36,0.4777777246913639,0.338,8.4,3,0.3517587055882649,1.98,0.9024997743750565,1.84,15.127519444501045,Medium
S_1533,4,854,0,0,1,0,0.40309522849773266,57,0.0,0,0.735,0.9999998571428775,2,0.6,0.9666665592592711,-0.429,4.1,5,0.8718590774223424,1.68,0.8624997843750539,3.45,14.748143723729218,Medium
S_1534,3,428,2,0,0,0,0.4383333228968257,58,0.0,0,-0.865,0.285714244897965,1,0.34,0.15555553827160687,-0.372,2.6,4,0.8643213908740224,1.62,0.06999998250000437,3.2,17.01341642917526,High
S_1535,1,1087,3,0,1,0,0.07976190286281185,45,0.0,0,0.043,0.1428571224489825,1,0.42,0.22222219753086697,-0.122,3.1,4,0.06281405456933302,3.95,0.6224998443750389,2.24,18.735480289398414,High
S_1536,3,439,0,0,3,0,0.3038095165759639,75,0.6666664444445185,0,0.692,0.57142848979593,1,0.89,0.6444443728395142,-0.269,3.9,1,0.133165795686986,3.74,0.9024997743750565,1.12,9.627783325608949,Low
S_1537,3,34,3,0,1,0,0.384523800368481,66,0.33333322222225925,0,0.784,0.285714244897965,2,0.64,0.699999922222231,0.379,2.5,2,0.9497485050883152,3.14,0.43499989125002725,2.6,24.602747611823215,High
S_1538,1,524,2,0,3,0,0.09976190238662136,68,0.33333322222225925,0,0.434,0.7142856122449125,0,0.15,0.22222219753086697,-0.427,2.5,2,0.42964813325423784,1.18,0.8624997843750539,1.3,15.295170892913413,Medium
S_1539,1,763,1,1,2,0,0.06833333170634925,20,0.0,0,0.969,0.857142734693895,0,0.26,0.8444443506172944,0.401,9.1,5,0.0603014923865597,2.86,0.15249996187500955,4.34,18.2999199324953,High
S_1540,3,608,0,0,2,0,0.42999998976190507,82,0.0,0,-0.264,0.57142848979593,1,0.09,0.9555554493827279,-0.179,8.8,1,0.5577888045756773,2.0,0.32999991750002056,4.51,15.179311936601477,Medium
S_1541,1,864,0,0,2,0,0.22119047092403643,61,0.0,0,0.785,0.9999998571428775,2,0.58,0.511111054320994,0.238,3.8,2,0.9673364403677286,3.68,0.7699998075000482,1.15,9.48024034538867,Low
S_1542,3,161,0,0,4,0,0.173095233973923,87,0.0,0,0.92,0.9999998571428775,0,0.61,0.922222119753098,0.068,2.9,5,0.6231154213277835,2.78,0.062499984375003904,1.63,9.43006716554461,Low
S_1543,1,1177,0,1,1,0,0.3390476109750569,68,0.0,0,-0.202,0.1428571224489825,0,0.66,0.6444443728395142,0.36,6.5,3,0.7236179086387163,3.26,0.4599998850000287,1.65,8.899807874980452,Low
S_1544,2,944,0,0,1,0,0.6047618903628122,47,0.0,0,0.901,0.9999998571428775,2,0.19,0.1444444283950635,-0.224,9.4,0,0.13567835786975935,3.57,0.8799997800000549,1.23,8.155296588429252,Low
S_1545,1,84,0,1,2,0,0.3497618964342406,78,0.33333322222225925,0,0.822,0.857142734693895,2,0.01,0.12222220864197683,0.482,5.5,0,0.9221103210778089,3.58,0.974999756250061,4.21,16.386347284861152,Medium
S_1546,4,243,1,0,1,0,0.22119047092403643,18,0.0,0,-0.603,0.9999998571428775,1,0.85,0.7222221419753176,0.226,4.4,4,0.9447233807227687,3.24,0.8149997962500508,4.05,19.956960526206686,High
S_1547,2,891,1,1,1,0,0.4197618947675739,88,0.0,0,0.089,0.9999998571428775,0,0.07,0.988888779012358,0.059,9.4,1,0.28894465101893185,4.52,0.2674999331250167,4.41,19.98789625289452,High
S_1548,2,618,0,0,2,0,0.8159523615249439,11,0.0,0,-0.982,0.9999998571428775,2,0.44,0.19999997777778025,-0.406,6.4,1,0.21105522335295898,3.65,0.44999988750002806,1.56,8.466911730546943,Low
S_1549,4,631,0,0,2,0,0.26857142217687097,62,0.0,0,-0.937,0.1428571224489825,0,0.45,0.8444443506172944,0.066,6.2,4,0.13065323350421268,3.6,0.042499989375002635,4.38,12.732414775534679,Medium
S_1550,4,1001,0,0,0,0,0.20476189988662147,24,0.33333322222225925,0,0.316,0.857142734693895,1,0.13,0.6111110432098842,0.352,4.4,0,0.9020098236156222,3.16,0.6749998312500423,2.24,12.59791345145979,Medium
S_1551,4,167,3,1,3,0,0.3880952288548755,71,0.0,0,0.196,0.857142734693895,2,0.73,0.26666663703704035,0.179,6.5,3,0.728643033004263,1.99,0.2774999306250173,3.14,23.600213961317834,High
S_1552,1,934,1,0,3,0,0.11523809249433113,81,0.0,0,-0.416,0.7142856122449125,1,0.29,0.19999997777778025,0.017,7.9,4,0.5577888045756773,4.44,0.14249996437500892,3.17,13.591074168631854,Medium
S_1553,1,163,0,1,2,0,0.1016666642460318,59,0.0,0,0.798,0.7142856122449125,1,0.47,0.6555554827160576,0.255,8.3,3,0.6934671624454365,4.13,0.19499995125001218,4.59,14.473704730321554,Medium
S_1554,3,1152,0,1,4,0,0.05976190333900231,37,0.0,0,0.508,0.0,0,0.07,0.8333332407407511,-0.014,3.0,1,0.4396983819853311,3.55,0.6774998306250423,3.34,11.125983475474676,Low
S_1555,4,430,0,2,1,0,0.3749999910714288,57,0.33333322222225925,0,-0.468,0.9999998571428775,1,0.46,0.8666665703703812,-0.171,8.3,5,0.06532661675210634,3.25,0.7949998012500495,1.86,11.75832528453017,Low
S_1556,2,328,0,2,2,0,0.43404760871315223,49,0.33333322222225925,0,0.934,0.7142856122449125,2,0.25,0.6888888123456876,0.225,6.4,0,0.6834169137143433,2.57,0.8599997850000538,2.11,12.870796638047572,Medium
S_1557,4,539,0,0,1,0,0.2497618988151929,52,0.0,0,0.856,0.285714244897965,1,0.75,0.31111107654321374,-0.392,4.1,2,0.713567659907623,2.36,0.6474998381250404,1.58,6.638614752028854,Low
S_1558,2,671,1,0,2,0,0.17119047211451258,77,0.0,0,0.335,0.57142848979593,0,0.24,0.9555554493827279,0.138,9.6,0,0.8743716396051157,4.64,0.4249998937500266,3.22,16.96346617118875,Medium
S_1559,3,432,0,0,0,0,0.4157142758163268,83,0.0,0,-0.183,0.857142734693895,2,0.49,0.8444443506172944,0.001,7.9,4,0.9648238781849553,1.01,0.5074998731250316,4.0,15.476584973123671,Medium
S_1560,2,1163,0,0,3,0,0.24642856556122467,63,0.33333322222225925,1,-0.607,0.285714244897965,1,0.25,0.011111109876543358,0.356,5.1,3,0.38944713832986466,3.84,0.5074998731250316,3.21,14.88049406735594,Medium
S_1561,4,1067,1,0,0,0,0.3290476112131521,52,0.33333322222225925,0,0.992,0.4285713673469475,2,0.18,0.3222221864197571,-0.434,8.3,3,0.9020098236156222,4.07,0.3774999056250235,4.2,16.999961429125072,High
S_1562,1,363,2,2,2,0,0.26880951740929726,39,0.33333322222225925,0,-0.74,0.0,1,0.02,0.45555550493827723,0.368,8.3,2,0.2939697753844785,2.24,0.012499996875000792,1.37,14.96806450284398,Medium
S_1563,3,775,0,1,1,0,0.45595237009637224,11,0.6666664444445185,0,0.691,0.7142856122449125,0,0.76,0.04444443950617338,-0.452,6.9,5,0.6859294758971166,4.76,0.5424998643750338,1.04,7.876690191278202,Low
S_1564,3,377,2,0,1,0,0.2621428509013607,46,0.0,0,0.372,0.1428571224489825,1,0.17,0.3444444061728437,0.396,5.9,4,0.18844216370799907,2.49,0.0924999768750058,1.12,13.510918133578588,Medium
S_1565,3,261,2,0,0,0,0.4538095130045355,55,0.33333322222225925,0,0.241,0.9999998571428775,0,0.47,0.699999922222231,0.481,1.4,2,0.5854269885861838,3.33,0.927499768125058,3.38,24.62385421146913,High
S_1566,1,967,0,0,2,0,0.178571424319728,2,0.0,0,-0.273,0.4285713673469475,2,0.22,0.2111110876543236,-0.026,8.7,0,0.0025125621827733233,1.9,0.44999988750002806,1.13,5.136702607798879,Low
S_1567,1,76,0,0,2,0,0.530952368310658,58,0.33333322222225925,0,0.503,0.1428571224489825,2,0.0,0.6111110432098842,-0.309,3.2,0,0.3417084568571716,1.78,0.5174998706250323,4.64,14.750612344233604,Medium
S_1568,3,355,3,0,2,0,0.11571428295918373,68,0.0,0,0.714,0.7142856122449125,2,0.45,0.8222221308642078,-0.439,5.0,0,0.5201003718340774,4.41,0.7124998218750446,4.81,26.929480481544164,High
S_1569,1,355,2,0,0,0,0.23047618498866226,52,0.0,0,-0.437,0.285714244897965,2,0.14,0.4999999444444507,-0.303,2.8,3,0.8567837043257023,3.92,0.8349997912500521,1.18,15.043640164921074,Medium
S_1570,3,303,1,0,2,0,0.10952380691609984,33,0.0,0,0.032,0.7142856122449125,1,0.06,0.8888887901234679,0.364,8.3,5,0.4899496256407976,2.4,0.28499992875001784,3.12,16.451758498749363,Medium
S_1571,2,36,2,0,5,0,0.31952380191609997,62,0.0,0,-0.937,0.1428571224489825,1,0.76,0.8999999000000112,-0.109,2.8,2,0.23869340736346548,3.18,0.9224997693750577,3.31,20.429978296759877,High
S_1572,4,400,1,0,4,0,0.46785713171768745,56,0.0,0,-0.677,0.7142856122449125,0,0.89,0.22222219753086697,0.227,2.3,3,0.7587937791975429,2.74,0.07499998125000469,1.77,12.40160295393304,Medium
S_1573,1,1157,1,0,0,0,0.02404761847505671,24,0.33333322222225925,0,0.681,0.7142856122449125,2,0.47,0.7555554716049476,0.45,6.4,1,0.8693465152395691,2.37,0.8074997981250506,2.17,16.491726272886286,Medium
S_1574,3,581,0,0,1,0,0.21714285197278926,76,0.33333322222225925,0,-0.044,0.857142734693895,0,0.02,0.5999999333333408,-0.199,5.8,0,0.33668333249162496,4.95,0.207499948125013,2.96,11.439396720714608,Low
S_1575,4,853,0,1,1,0,0.06904761740362816,50,0.33333322222225925,1,-0.661,0.857142734693895,2,0.91,0.31111107654321374,-0.348,4.3,0,0.44974863071642446,1.74,0.012499996875000792,3.84,15.313509842361519,Medium
S_1576,1,724,0,2,1,0,0.18428570989795928,37,0.33333322222225925,0,-0.364,0.0,0,0.61,0.8666665703703812,-0.072,7.1,4,0.0,2.01,0.657499835625041,1.22,7.7638561787218805,Low
S_1577,3,938,1,0,3,0,0.3147618972675739,23,0.0,0,-0.451,0.57142848979593,0,0.71,0.6111110432098842,0.073,5.6,4,0.766331465745863,3.28,0.9699997575000605,1.13,13.03280678177022,Medium
S_1578,4,218,3,0,3,0,0.33857142051020434,68,0.0,0,0.387,0.9999998571428775,1,0.07,0.6888888123456876,0.399,9.7,0,0.5175878096513041,2.03,0.47749988062502985,4.33,28.012967983754795,High
S_1579,2,724,0,1,2,0,0.04190476090702951,25,0.0,0,0.442,0.9999998571428775,0,0.92,0.0666666592592601,0.236,3.7,5,0.10050248731093281,2.05,0.5399998650000337,3.67,11.318216192095623,Low
S_1580,2,212,3,0,0,0,0.18857142408163274,41,0.0,0,-0.765,0.9999998571428775,2,0.68,0.46666661481482064,-0.004,9.4,0,0.05778893020378637,3.03,0.15249996187500955,1.32,18.96050268492892,High
S_1581,4,326,1,2,1,0,0.3954761810600909,20,0.0,0,0.158,0.1428571224489825,2,0.53,0.3555555160493872,0.044,5.8,3,0.09798992512815949,4.7,0.7124998218750446,2.91,13.969798905104648,Medium
S_1582,2,894,2,0,1,0,0.6942856977551025,75,0.0,0,0.726,0.1428571224489825,1,0.29,0.8111110209876645,-0.399,7.7,5,0.09045223857983951,2.57,0.6049998487500378,2.23,17.76435633720618,High
S_1583,1,474,0,0,2,0,0.10047618808390028,36,0.6666664444445185,0,-0.715,0.1428571224489825,0,0.58,0.766666581481491,-0.486,3.4,1,0.44974863071642446,3.17,0.1074999731250067,3.55,11.679890463894132,Low
S_1584,4,582,0,0,2,0,0.04023809428004538,34,0.0,0,0.857,0.4285713673469475,2,0.75,0.3999999555555605,-0.233,1.2,2,0.10050248731093281,4.09,0.6349998412500397,1.28,5.642359054011726,Low
S_1585,2,555,0,0,1,1,0.11642856865646264,77,0.33333322222225925,1,0.565,0.7142856122449125,1,0.07,0.9777776691358147,0.163,6.9,2,0.48743706345802423,3.66,0.0024999993750001582,4.68,23.889626666741457,High
S_1586,1,1193,0,0,0,0,0.08690475983560096,84,0.0,0,-0.28,0.0,2,0.1,0.5222221641975374,-0.34,4.0,1,0.9648238781849553,4.09,0.47749988062502985,2.25,7.56720441153443,Low
S_1587,1,113,0,1,0,0,0.0959523786678005,37,0.6666664444445185,0,0.418,0.857142734693895,0,0.22,0.2111110876543236,-0.416,2.4,4,0.5301506205651707,4.1,0.06999998250000437,2.04,8.553625787252898,Low
S_1588,4,572,0,0,3,0,0.1545238058446713,43,0.33333322222225925,0,-0.774,0.285714244897965,2,0.15,0.5888888234567974,-0.019,8.3,2,0.6155777347794636,1.04,0.17249995687501077,1.5,7.7242436928966,Low
S_1589,4,1148,3,0,3,0,0.1195238066780046,37,0.0,0,0.979,0.0,1,0.85,0.8222221308642078,0.179,3.9,4,0.407035073609278,4.26,0.05249998687500327,3.58,22.855272859985924,High
S_1590,2,662,0,0,1,0,0.022142856615646273,89,0.0,0,0.771,0.57142848979593,2,0.39,0.46666661481482064,0.356,2.7,3,0.45979887944751774,1.26,0.012499996875000792,3.84,11.48608426708078,Low
S_1591,4,1061,2,0,1,0,0.7097618878628122,56,0.0,0,-0.798,0.0,0,0.52,0.4999999444444507,0.482,1.5,0,0.070351741117653,2.15,0.4299998925000269,1.81,17.143637023039496,High
S_1592,2,109,1,1,2,0,0.23285713731292534,15,0.0,0,0.108,0.9999998571428775,2,0.72,0.6666665925926009,-0.357,7.4,4,0.26130646700842536,1.58,0.38999990250002436,4.68,18.38587717601081,High
S_1593,2,259,2,0,3,0,0.15261904398526085,5,0.0,0,-0.359,0.857142734693895,2,0.94,0.28888885679012705,-0.488,6.5,0,0.7788942766597294,1.9,0.0,2.68,16.201703448373685,Medium
S_1594,4,896,0,0,2,0,0.28333332658730176,89,0.0,0,0.759,0.1428571224489825,0,0.59,0.4222221753086472,-0.085,2.3,4,0.07788942766597295,4.54,0.5399998650000337,3.82,11.030269908251853,Low
S_1595,2,513,3,0,0,0,0.21595237581065774,23,0.0,0,-0.439,0.0,0,0.86,0.8777776802469245,0.133,1.8,5,0.4547737550819711,3.41,0.8624997843750539,3.12,23.966963492004826,High
S_1596,1,49,0,1,2,0,0.1078571402891157,39,0.0,0,0.196,0.0,2,0.06,0.7111110320987744,0.117,1.3,0,0.540200869296264,2.26,0.37999990500002373,4.1,12.191105196459981,Medium
S_1597,3,682,2,2,5,0,0.10071428331632658,81,0.33333322222225925,0,-0.41,0.285714244897965,2,0.66,0.7444443617284043,-0.134,5.6,4,0.16834166624581248,1.11,0.4549998862500284,3.85,20.61724553034277,High
S_1598,1,134,0,1,2,0,0.1561904724716554,57,0.0,0,-0.143,0.9999998571428775,0,0.33,0.7333332518518609,-0.233,4.7,2,0.2185929099012789,2.07,0.5524998618750345,2.57,10.666163520907652,Low
S_1599,2,400,0,0,0,0,0.18619047175736972,51,0.33333322222225925,0,0.986,0.4285713673469475,2,0.67,0.8666665703703812,0.343,1.2,5,0.30150746193279854,2.78,0.31499992125001963,1.79,10.213220832176763,Low
S_1600,3,1063,0,0,4,0,0.26571427938775527,85,0.33333322222225925,0,0.803,0.857142734693895,2,0.9,0.6444443728395142,0.309,3.4,4,0.9648238781849553,2.76,0.6799998300000425,1.3,10.987584630921416,Low
S_1601,2,322,0,0,1,0,0.03666666579365082,43,0.33333322222225925,0,0.004,0.9999998571428775,1,0.66,0.0888888790123468,-0.123,4.7,3,0.7738691522941827,3.24,0.7724998068750483,1.51,8.469534781414806,Low
S_1602,2,511,0,1,1,0,0.15261904398526085,64,0.33333322222225925,0,0.919,0.57142848979593,1,0.04,0.8333332407407511,-0.448,4.2,5,0.9321605698089022,3.21,0.4274998931250267,4.31,14.61187385649563,Medium
S_1603,4,1004,0,0,3,0,0.3445238013208619,10,0.33333322222225925,0,0.315,0.1428571224489825,2,0.04,0.7555554716049476,-0.015,4.6,4,0.2864320888361586,1.15,0.38999990250002436,4.67,14.96238362417838,Medium
S_1604,1,302,0,0,2,1,0.4449999894047622,82,0.0,0,-0.233,0.7142856122449125,0,0.39,0.4777777246913639,0.262,9.9,1,0.36180895431935817,2.13,0.7599998100000475,2.16,14.922712941097656,Medium
S_1605,3,970,1,0,1,0,0.2140476139512473,24,0.0,0,0.634,0.857142734693895,0,0.31,0.24444441728395366,0.022,6.6,4,0.8618088286912491,4.64,0.9924997518750619,3.87,17.720569895534766,High
S_1606,4,79,0,0,1,0,0.29523808820861697,31,0.6666664444445185,0,0.42,0.285714244897965,0,0.83,0.12222220864197683,-0.494,4.9,3,0.6557787297038367,4.07,0.13499996625000843,3.93,11.62158737588512,Low
S_1607,4,465,2,0,3,0,0.49333332158730187,69,0.33333322222225925,0,-0.031,0.857142734693895,0,0.61,0.15555553827160687,-0.474,9.8,0,0.11809042259034608,3.44,0.017499995625001107,4.64,21.146042129471642,High
S_1608,1,1153,0,2,2,0,0.8797618838151934,37,0.33333322222225925,0,0.98,0.1428571224489825,1,0.37,0.3444444061728437,-0.445,4.1,2,0.5351757449307173,4.34,0.1749999562500109,1.35,7.6535084389595935,Low
S_1609,4,1146,1,1,1,0,0.14642856794217696,84,0.0,0,-0.62,0.0,1,0.15,0.699999922222231,-0.226,7.4,3,0.713567659907623,1.05,0.9974997506250624,3.95,16.695852631650972,Medium
S_1610,4,180,0,1,2,1,0.26785713647959203,31,0.33333322222225925,0,0.123,0.0,2,0.33,0.9666665592592711,-0.335,9.6,1,0.9773866890988219,1.87,0.007499998125000475,4.27,17.56595743923219,High
S_1611,3,967,0,1,2,0,0.3321428492346941,57,0.33333322222225925,0,-0.177,0.57142848979593,2,0.09,0.011111109876543358,0.101,2.6,4,0.7562812170147696,4.8,0.15749996062500982,2.53,9.50589966185714,Low
S_1612,2,786,3,1,1,0,0.08761904553287987,33,0.33333322222225925,0,-0.7,0.285714244897965,0,0.66,0.15555553827160687,-0.268,3.8,2,0.4095476357920513,1.24,0.704999823750044,2.44,20.464499191168308,High
S_1613,4,675,3,1,1,0,0.25904761287981876,56,0.33333322222225925,0,0.198,0.7142856122449125,1,0.51,0.15555553827160687,0.243,6.5,2,0.047738681472693084,1.12,0.6624998343750413,2.95,23.431118694833657,High
S_1614,2,272,1,1,0,0,0.10238094994331072,53,0.0,0,0.35,0.57142848979593,0,0.93,0.9333332296296413,-0.084,3.0,1,0.7964822119391428,1.43,0.5074998731250316,4.61,19.11348147649992,High
S_1615,3,858,0,1,1,0,0.32357142086734714,31,0.33333322222225925,0,0.125,0.0,2,0.58,0.09999998888889013,-0.301,7.9,1,0.9999997487437817,3.75,0.1699999575000106,4.27,11.548713559679292,Low
S_1616,2,255,0,0,0,0,0.1607142818877552,61,0.0,0,-0.733,0.4285713673469475,2,0.58,0.16666664814815021,0.144,2.6,4,0.18844216370799907,3.01,0.974999756250061,4.26,12.785727201009731,Medium
S_1617,4,176,0,0,1,0,0.4338095134807259,4,0.0,0,-0.077,0.7142856122449125,0,0.73,0.0888888790123468,-0.446,8.0,3,0.7261304708214897,4.68,0.8224997943750514,4.8,14.075796461540635,Medium
S_1618,3,1088,0,0,0,0,0.14571428224489805,54,0.6666664444445185,0,0.472,0.1428571224489825,0,0.56,0.8555554604938377,0.342,4.0,4,0.5502511180273573,3.18,0.7649998087500477,1.36,10.773773541975181,Low
S_1619,4,224,0,2,2,0,0.4759523696201817,65,0.0,0,-0.391,0.857142734693895,0,0.31,0.011111109876543358,-0.497,8.6,3,0.5175878096513041,2.23,0.9974997506250624,3.29,11.274063218779395,Low
S_1620,4,999,3,0,3,0,0.4611904652097509,62,0.0,0,0.264,0.857142734693895,1,0.45,0.02222221975308669,0.219,6.2,3,0.9974871865610084,3.87,0.24249993937501513,1.86,20.80501058958734,High
S_1621,4,115,1,1,0,0,0.18761904315192754,42,0.0,0,0.016,0.285714244897965,2,0.93,0.24444441728395366,0.044,3.4,0,0.532663182747944,1.17,0.5749998562500359,1.89,11.418281766351589,Low
S_1622,1,393,1,0,1,0,0.5321428444727895,26,0.0,0,-0.618,0.4285713673469475,2,0.26,0.09999998888889013,0.488,4.4,0,0.5753767398550905,2.02,0.8099997975000507,2.14,14.204947569634125,Medium
S_1623,3,231,0,1,1,0,0.0042857141836734735,2,0.0,0,0.567,0.285714244897965,0,0.41,0.11111109876543349,0.182,4.1,0,0.5753767398550905,4.9,0.7174998206250448,3.06,9.41199530974843,Low
S_1624,1,457,0,1,1,0,0.03523809439909299,45,0.0,0,-0.553,0.857142734693895,1,0.2,0.2111110876543236,-0.282,4.3,5,0.8743716396051157,4.17,0.44999988750002806,4.76,13.183704430153211,Medium
S_1625,2,525,0,0,3,0,0.655476174869615,26,0.33333322222225925,0,0.855,0.0,2,0.8,0.011111109876543358,-0.191,1.3,3,0.9999997487437817,4.72,0.0,1.21,6.037761269649034,Low
S_1626,4,302,0,0,1,0,0.3169047543594106,71,0.0,0,-0.756,0.0,0,0.04,0.799999911111121,-0.13,5.6,2,0.3341707703088517,2.3,0.2274999431250142,3.61,11.099884652970475,Low
S_1627,3,978,0,0,0,0,0.1197619019104309,29,0.0,0,0.798,0.9999998571428775,1,0.89,0.8111110209876645,-0.228,6.4,1,0.0050251243655466465,2.65,0.7624998093750476,2.02,9.906643226095682,Low
S_1628,4,305,1,1,3,0,0.4759523696201817,89,0.33333322222225925,0,-0.09,0.7142856122449125,1,0.96,0.6111110432098842,-0.314,4.2,2,0.344221019039945,3.97,0.24999993750001562,4.13,18.165982023686777,High
S_1629,4,94,3,0,0,0,0.21190475685941057,26,0.0,0,-0.276,0.1428571224489825,1,0.74,0.6111110432098842,-0.398,8.8,0,0.5854269885861838,4.14,0.2749999312500172,4.77,24.634188496192067,High
S_1630,4,989,0,0,2,0,0.12857142551020415,3,0.0,0,0.727,0.4285713673469475,1,0.87,0.2777777469135837,0.218,8.2,1,0.04020099492437312,4.85,0.9849997537500617,2.15,8.822390754389755,Low
S_1631,2,1096,0,3,2,0,0.18333332896825408,38,0.0,0,-0.459,0.0,2,0.99,0.16666664814815021,0.487,8.2,4,0.5075375609202109,1.13,0.767499808125048,3.4,10.86653710851952,Low
S_1632,2,856,0,1,0,0,0.16857142455782323,6,0.0,0,-0.958,0.57142848979593,0,0.3,0.1777777580246936,0.129,1.8,3,0.21608034771850557,3.33,0.8374997906250522,4.47,13.270984456308021,Medium
S_1633,1,466,1,0,4,1,0.1866666622222223,50,0.33333322222225925,0,-0.139,0.1428571224489825,0,0.23,0.922222119753098,-0.156,8.5,0,0.3793968895987714,2.34,0.7449998137500465,1.5,17.169776774589568,High
S_1634,4,757,0,0,5,0,0.5357142729591841,86,0.0,0,0.528,0.0,0,0.38,0.5444443839506241,-0.064,9.3,4,0.8015073363046893,3.67,0.41999989500002627,2.77,10.293983097034166,Low
S_1635,3,158,2,1,0,0,0.08547618844104314,27,0.0,0,-0.682,0.7142856122449125,0,0.19,0.6888888123456876,0.348,7.9,4,0.8442208934118358,2.51,0.15249996187500955,3.94,21.47688704401187,High
S_1636,4,1096,3,0,2,0,0.1197619019104309,5,0.33333322222225925,0,0.497,0.57142848979593,2,0.43,0.9333332296296413,-0.369,8.5,0,0.7763817144769563,1.15,0.607499848125038,2.29,23.135523451605888,High
S_1637,1,942,0,1,1,2,0.2323809468480727,74,0.0,0,-0.706,0.0,1,0.68,0.6444443728395142,-0.251,3.0,2,0.24371853172901212,3.28,0.32249991937502015,3.65,18.317194329541813,High
S_1638,2,301,5,1,2,0,0.3897618954818597,71,0.0,0,-0.575,0.285714244897965,0,0.28,0.3999999555555605,-0.365,1.3,3,0.7236179086387163,1.96,0.7174998206250448,1.28,26.929331592797,High
S_1639,2,258,0,0,0,0,0.44928570358843567,86,0.0,0,-0.705,0.0,1,0.21,0.988888779012358,-0.424,2.4,2,0.7713565901114094,4.13,0.7799998050000487,1.31,8.417879647913889,Low
S_1640,3,852,0,0,4,0,0.1195238066780046,46,0.33333322222225925,0,0.007,0.7142856122449125,2,0.64,0.2999999666666704,0.101,6.0,3,0.23869340736346548,3.68,0.6099998475000381,1.35,8.04783531355417,Low
S_1641,1,1150,3,1,2,0,0.15309523445011347,14,0.33333322222225925,0,-0.897,0.4285713673469475,2,0.92,0.8111110209876645,-0.155,9.0,3,0.2311557208151455,3.85,0.027499993125001742,3.87,24.465916874739158,High
S_1642,4,1062,0,1,1,0,0.5290476064512475,41,0.0,0,-0.593,0.7142856122449125,0,0.0,0.8555554604938377,-0.472,3.1,2,0.16834166624581248,2.86,0.5474998631250342,1.87,9.641721817820962,Low
S_1643,4,754,0,0,3,0,0.07095237926303859,2,0.0,0,0.343,0.9999998571428775,0,0.34,0.6888888123456876,-0.033,2.0,0,0.9824118134643683,4.02,0.7574998106250473,3.51,13.730934723826397,Medium
S_1644,3,33,3,0,2,0,0.008809523599773248,5,0.0,0,0.857,0.857142734693895,2,0.68,0.7222221419753176,-0.245,8.3,1,0.5276380583823974,3.74,0.9249997687500578,4.55,26.895018061995575,High
S_1645,1,1051,0,1,0,0,0.29285713588435397,63,0.33333322222225925,0,-0.987,0.9999998571428775,1,0.27,0.07777776913580343,-0.363,3.0,3,0.9145726345294888,1.03,0.24999993750001562,3.9,12.600476605542525,Medium
S_1646,1,329,3,1,0,1,0.25928570811224505,88,0.0,0,0.934,0.7142856122449125,1,0.0,0.8444443506172944,-0.078,6.5,3,0.2939697753844785,1.7,0.9599997600000599,3.72,30.237730696063043,High
S_1647,1,556,0,1,2,0,0.1490476154988663,2,0.33333322222225925,0,0.172,0.57142848979593,0,0.63,0.1444444283950635,0.34,8.9,3,0.34673358122271825,3.68,0.39749990062502477,2.43,9.705066160413196,Low
S_1648,4,230,5,2,1,0,0.10547618796485267,66,0.33333322222225925,0,0.564,0.57142848979593,2,0.22,0.6888888123456876,0.135,1.7,0,0.37437176523322474,2.22,0.06749998312500421,4.23,33.76532337867349,High
S_1649,4,881,0,0,1,0,0.06095237950113382,20,0.0,0,0.352,0.4285713673469475,0,0.38,0.6777777024691441,0.402,5.2,4,0.9447233807227687,4.37,0.9549997612500597,1.97,10.672055883827618,Low
S_1650,1,811,0,0,1,0,0.19452380489229038,30,0.9999996666667778,0,-0.652,0.9999998571428775,1,0.41,0.03333332962963005,0.397,1.7,0,0.6356782322416501,3.03,0.5774998556250361,3.06,14.388248061343571,Medium
S_1651,1,756,2,0,6,0,0.11023809261337875,0,0.0,0,0.536,0.857142734693895,1,0.72,0.8888887901234679,0.377,8.1,4,0.7010048489937565,4.13,0.7974998006250499,1.83,19.421670567842185,High
S_1652,1,933,0,0,0,0,0.1742857101360545,44,0.0,0,0.125,0.7142856122449125,2,0.2,0.0,0.412,6.7,1,0.1834170393424524,2.34,0.47249988187502956,1.57,7.0438451579905,Low
S_1653,1,262,0,0,4,0,0.3180952305215422,38,0.33333322222225925,0,-0.553,0.1428571224489825,0,0.77,0.8555554604938377,0.025,3.9,2,0.6557787297038367,3.36,0.6524998368750408,4.43,15.6774443880648,Medium
S_1654,3,648,0,0,1,0,0.19999999523809536,39,0.33333322222225925,0,-0.496,0.1428571224489825,0,0.41,0.1777777580246936,-0.471,9.8,1,0.713567659907623,4.0,0.14249996437500892,4.84,12.15561476001075,Medium
S_1655,3,105,0,0,4,0,0.32880951598072583,52,0.33333322222225925,0,0.331,0.285714244897965,1,0.9,0.4888888345679073,-0.294,4.0,0,0.5778893020378637,1.79,0.022499994375001425,4.73,13.519412498896475,Medium
S_1656,2,130,0,0,1,0,0.3188095162188211,85,0.33333322222225925,0,-0.858,0.0,2,0.24,0.5777777135802541,0.007,9.3,0,0.9648238781849553,2.91,0.9324997668750583,3.75,14.033584767999074,Medium
S_1657,1,289,0,0,2,0,0.1623809485147393,11,0.6666664444445185,0,-0.794,0.857142734693895,1,0.53,0.4999999444444507,0.275,2.9,5,0.04271355710714644,3.99,0.5699998575000356,4.86,17.154140753706134,High
S_1658,2,397,0,0,2,0,0.2890476121655331,89,0.33333322222225925,0,-0.515,0.0,1,0.47,0.07777776913580343,-0.35,6.0,0,0.30402002411557183,2.54,0.8874997781250554,4.91,13.299495390936471,Medium
S_1659,2,212,0,1,0,0,0.21095237592970537,5,0.0,0,0.174,0.7142856122449125,1,0.42,0.7555554716049476,-0.298,4.1,0,0.6809043515315699,1.3,0.37499990625002344,4.3,13.7629989311254,Medium
S_1660,2,1069,0,1,4,0,0.04023809428004538,20,0.33333322222225925,0,0.727,0.57142848979593,1,0.14,0.04444443950617338,-0.185,4.5,3,0.42964813325423784,4.85,0.042499989375002635,2.79,8.121552359621537,Low
S_1661,1,179,0,0,1,0,0.2252380898752836,1,0.0,0,-0.593,0.4285713673469475,2,0.9,0.9777776691358147,-0.382,8.3,3,0.3718592030504515,3.76,0.7274998181250455,2.47,10.469048851027733,Low
S_1662,2,460,0,0,1,0,0.12047618760770981,80,0.33333322222225925,0,-0.723,0.857142734693895,1,0.91,0.2111110876543236,0.247,3.5,4,0.5728641776723171,2.97,0.4274998931250267,4.78,15.190910925763038,Medium
S_1663,3,1004,3,0,3,0,0.2609523747392292,26,0.33333322222225925,0,-0.764,0.1428571224489825,2,0.89,0.4888888345679073,0.211,5.6,3,0.012562810913866615,2.78,0.657499835625041,1.22,19.7248000216501,High
S_1664,1,517,0,0,2,0,0.30571427843537435,72,0.0,0,0.863,0.7142856122449125,1,0.28,0.1444444283950635,-0.452,3.8,0,0.8065324606702361,1.14,0.624999843750039,2.22,8.371579493151453,Low
S_1665,3,642,3,1,1,0,0.15642856770408173,0,0.0,0,-0.513,0.9999998571428775,1,0.29,0.6111110432098842,-0.417,3.6,2,0.08542711421429293,2.7,0.8474997881250529,2.67,22.58904523749205,High
S_1666,4,1002,0,0,2,0,0.2966666596031748,8,0.33333322222225925,0,0.523,0.0,1,0.07,0.36666662592593047,0.448,3.8,4,0.03517587055882647,1.15,0.5199998700000324,4.55,14.061175133812984,Medium
S_1667,2,1126,0,1,0,0,0.18119047187641735,80,0.0,0,-0.034,0.857142734693895,2,0.02,0.9777776691358147,0.109,9.5,5,0.5452259936618106,3.61,0.1824999543750114,1.04,8.399415794836319,Low
S_1668,4,745,2,1,2,0,0.37309522921201843,35,0.0,0,0.596,0.0,0,0.23,0.4222221753086472,0.224,7.2,0,0.15326629314917253,1.86,0.6024998493750376,4.61,21.412218205461244,High
S_1669,2,663,0,0,2,0,0.15166666305555565,15,0.0,0,-0.538,0.7142856122449125,0,0.97,0.6888888123456876,0.313,2.4,5,0.3266330837605317,3.04,0.7174998206250448,1.06,8.457870375704177,Low
S_1670,2,923,0,0,2,0,0.29928570715986413,26,0.0,0,0.122,0.857142734693895,1,0.26,0.3222221864197571,-0.461,7.6,5,0.4271355710714646,4.99,0.5549998612500348,4.85,13.893944443698187,Medium
S_1671,2,161,0,0,2,0,0.09071428355442182,75,0.0,0,0.403,0.1428571224489825,1,0.42,0.5222221641975374,-0.097,7.4,4,0.15829141751471917,1.89,0.5174998706250323,2.4,7.923814746918627,Low
S_1672,2,819,0,0,2,0,0.1309523778344672,81,0.0,0,-0.799,0.1428571224489825,0,0.49,0.5999999333333408,0.247,7.2,0,0.12311554695589272,3.05,0.44999988750002806,4.45,12.895686500357339,Medium
S_1673,1,265,1,0,2,0,0.15142856782312933,70,0.33333322222225925,0,-0.464,0.0,2,0.24,0.4777777246913639,0.388,1.6,4,0.9597987538194085,4.72,0.96249975937506,1.12,12.788416816779787,Medium
S_1674,2,710,0,0,0,0,0.37428570537414985,27,0.0,0,-0.072,0.7142856122449125,0,0.13,0.8888887901234679,0.423,1.6,4,0.6231154213277835,2.68,0.3099999225000194,2.84,12.987209977310501,Medium
S_1675,4,1089,0,0,3,0,0.5157142734353745,59,0.0,0,0.643,0.57142848979593,1,0.28,0.6666665925926009,-0.357,3.4,5,0.67336666498325,2.64,0.05499998625000343,3.34,11.439366215159044,Low
S_1676,4,262,2,1,0,0,0.19904761430839019,64,0.0,0,-0.826,0.7142856122449125,1,0.78,0.2777777469135837,-0.072,1.2,0,0.22613059644959885,4.93,0.1074999731250067,3.73,18.616177850855358,High
S_1677,2,281,1,1,3,0,0.09190475971655335,43,0.0,0,0.495,0.4285713673469475,1,0.66,0.11111109876543349,-0.252,2.5,5,0.22613059644959885,2.92,0.14999996250000938,1.64,8.768320831589474,Low
S_1678,4,109,2,1,2,0,0.6552380796371886,62,0.0,0,-0.605,0.857142734693895,0,0.7,0.1777777580246936,0.116,2.7,5,0.540200869296264,2.64,0.37999990500002373,1.08,15.905533661669747,Medium
S_1679,4,1061,0,0,1,1,0.00999999976190477,47,0.0,0,-0.356,0.57142848979593,1,0.94,0.8444443506172944,0.008,1.3,0,0.8492460177773825,4.35,0.32249991937502015,2.35,13.916435887256881,Medium
S_1680,1,302,0,0,0,0,0.08595237890589576,12,0.33333322222225925,0,-0.724,0.7142856122449125,0,0.36,0.5333332740740807,-0.133,7.5,1,0.2562813426428787,3.29,0.24749993812501545,1.47,7.711709068989441,Low
S_1681,4,276,0,0,1,1,0.13309523492630393,1,0.0,0,0.528,0.0,0,0.86,0.6444443728395142,0.383,6.3,4,0.9698490025505018,3.97,0.48499987875003026,4.7,18.438467583348018,High
S_1682,3,950,3,0,1,0,0.11857142574829939,88,0.0,0,-0.311,0.285714244897965,2,0.48,0.8111110209876645,0.363,6.4,1,0.03517587055882647,1.94,0.7899998025000494,4.14,25.981651305562746,High
S_1683,3,658,0,0,2,0,0.48785713124149693,49,0.0,0,0.546,0.4285713673469475,2,0.95,0.9777776691358147,0.256,8.7,1,0.6055274860483704,3.78,0.6024998493750376,4.4,16.376574320624275,Medium
S_1684,4,55,0,1,5,0,0.24809523218820878,2,0.0,0,0.333,0.285714244897965,2,0.37,0.6666665925926009,-0.404,5.4,2,0.7386932817353563,4.49,0.5174998706250323,3.61,11.50140698712378,Low
S_1685,4,274,1,0,3,0,0.15976190095804998,52,0.33333322222225925,0,0.31,0.1428571224489825,0,0.84,0.23333330740741032,0.258,1.7,5,0.33668333249162496,2.76,0.5174998706250323,4.53,17.412682610402815,High
S_1686,2,787,0,0,3,0,0.12380952086167807,51,0.0,0,-0.079,0.7142856122449125,1,0.79,0.255555527160497,0.135,6.1,2,0.5175878096513041,2.81,0.8799997800000549,4.04,13.194253738207763,Medium
S_1687,3,205,0,0,5,0,0.009285714064625857,2,0.6666664444445185,0,-0.426,0.9999998571428775,0,0.79,0.5999999333333408,-0.16,2.8,0,0.9723615647332751,4.28,0.5649998587500352,4.4,16.41021727204656,Medium
S_1688,4,752,2,1,2,0,0.11547618772675744,6,0.0,0,0.965,0.857142734693895,1,0.11,0.5666666037037107,-0.119,3.4,2,0.3241205215777584,3.19,0.8049997987500502,3.33,20.116833962757052,High
S_1689,4,1182,1,0,0,0,0.17214285304421778,47,0.33333322222225925,0,-0.562,0.7142856122449125,2,0.4,0.28888885679012705,-0.456,5.0,4,0.407035073609278,3.09,0.654999836250041,4.36,17.336700766769,High
S_1690,4,1037,0,0,0,0,0.2259523755725625,69,0.0,0,-0.773,0.57142848979593,1,0.54,0.9777776691358147,-0.166,5.4,1,0.2989948997500252,3.98,0.7399998150000462,2.18,10.56104164346711,Low
S_1691,4,1196,5,0,0,0,0.2373809467290251,22,0.0,0,-0.254,0.4285713673469475,2,0.32,0.3444444061728437,-0.256,7.4,4,0.783919401025276,4.83,0.33749991562502113,2.67,28.88953802567482,High
S_1692,3,299,0,1,2,0,0.04857142741496602,2,0.33333322222225925,0,-0.282,0.857142734693895,2,0.5,0.9111110098765545,-0.196,2.5,2,0.9396982563572219,3.28,0.12499996875000781,3.8,13.991030641786365,Medium
S_1693,1,1154,0,1,3,0,0.3185714209863948,43,0.33333322222225925,0,0.43,0.9999998571428775,1,0.47,0.28888885679012705,0.376,9.9,1,0.7085425355420765,1.06,0.14249996437500892,3.6,13.767922678574195,Medium
S_1694,3,207,0,0,4,0,0.7490476012131524,31,0.0,0,0.104,0.4285713673469475,1,0.63,0.255555527160497,0.082,7.9,1,0.7261304708214897,3.86,0.6949998262500434,1.82,9.79108224313642,Low
S_1695,4,1194,0,1,0,0,0.03309523730725626,75,0.9999996666667778,0,0.423,0.0,0,0.55,0.6333332629629709,-0.107,2.7,1,0.7035174111765298,2.48,0.754999811250047,2.55,12.098801534487638,Medium
S_1696,3,1032,0,0,2,0,0.13809523480725633,21,0.0,0,0.59,0.9999998571428775,0,0.92,0.4999999444444507,-0.376,5.5,2,0.38944713832986466,2.24,0.09749997562500606,1.02,5.786732341620753,Low
S_1697,2,780,0,0,2,0,0.21261904255668948,71,0.0,0,-0.918,0.7142856122449125,0,0.43,0.0666666592592601,0.379,7.7,1,0.5929646751345037,2.83,0.5799998550000361,4.53,13.83739271507225,Medium
S_1698,4,1136,1,0,2,0,0.26976189833900244,51,0.0,0,0.646,0.1428571224489825,0,1.0,0.0888888790123468,0.463,6.4,4,0.8592962665084758,4.0,0.414999896250026,2.3,12.576962635960541,Medium
S_1699,1,109,0,0,2,0,0.34666665841269867,27,0.0,0,0.396,0.1428571224489825,0,0.75,0.22222219753086697,-0.137,1.1,4,0.7336681573698096,1.89,0.15249996187500955,1.96,6.67704889384849,Low
S_1700,2,709,0,0,0,0,0.6199999852380956,20,0.0,0,-0.139,0.0,1,0.6,0.6555554827160576,0.429,8.2,4,0.2211054720840522,2.27,0.5474998631250342,3.33,12.660771602196581,Medium
S_1701,1,411,1,0,2,0,0.10476190226757374,32,0.33333322222225925,0,-0.588,0.1428571224489825,1,0.3,0.18888886790123693,-0.428,3.2,2,0.9296480076261286,1.87,0.7274998181250455,3.19,14.075313865947393,Medium
S_1702,1,309,1,0,4,0,0.47190475066893456,85,0.0,0,0.826,0.57142848979593,2,0.75,0.5444443839506241,-0.377,4.8,5,0.5753767398550905,2.06,0.07249998187500453,4.64,17.438281087055636,High
S_1703,3,308,0,2,1,0,0.05880952240929709,45,0.6666664444445185,0,-0.31,0.857142734693895,0,0.89,0.3222221864197571,0.26,8.6,4,0.384422013964318,3.51,0.7324998168750458,1.66,10.546801576922917,Low
S_1704,2,1046,0,1,3,0,0.22904761359410447,24,0.33333322222225925,0,-0.699,0.285714244897965,2,0.36,0.5222221641975374,-0.385,5.5,2,0.0025125621827733233,2.62,0.9674997581250605,3.83,12.65274956827053,Medium
S_1705,4,500,1,1,2,0,0.41476189488662163,55,0.0,0,-0.381,0.1428571224489825,1,0.0,0.0666666592592601,0.28,9.6,1,0.8844218883362089,2.94,0.7599998100000475,2.9,14.494421415671914,Medium
S_1706,3,145,0,0,3,0,0.04857142741496602,11,0.0,0,-0.343,0.1428571224489825,2,0.85,0.16666664814815021,-0.353,9.6,1,0.47738681472693095,3.98,0.5899998525000368,1.54,4.9628149913143185,Low
S_1707,2,316,0,1,2,0,0.1607142818877552,85,0.33333322222225925,0,0.554,0.57142848979593,0,0.1,0.3555555160493872,0.181,7.7,0,0.5653264911239971,3.05,0.9574997606250598,4.62,15.773992052444182,Medium
S_1708,1,683,0,1,0,0,0.23499999440476207,20,0.0,0,-0.17,0.0,0,0.15,0.5666666037037107,0.075,3.6,4,0.08542711421429293,3.22,0.07999998000000501,1.54,5.880426868539722,Low
S_1709,2,696,2,2,4,0,0.36428570561224516,54,0.33333322222225925,0,-0.068,0.57142848979593,0,0.61,0.1333333185185202,0.498,7.5,5,0.8668339530567957,3.02,0.3849999037500241,3.13,20.528547479207777,High
S_1710,2,875,0,0,2,2,0.013571428248299329,61,0.0,0,0.578,0.1428571224489825,1,0.12,0.7444443617284043,-0.286,5.8,2,0.0025125621827733233,3.44,0.512499871875032,3.21,17.435273920760913,High
S_1711,4,981,0,0,3,0,0.29904761192743784,30,0.33333322222225925,0,-0.67,0.285714244897965,0,0.75,0.18888886790123693,0.364,1.2,1,0.6281405456933302,2.85,0.2449999387500153,1.87,8.621378019142094,Low
S_1712,4,235,0,0,2,0,0.35476189631519295,3,0.0,0,0.298,0.1428571224489825,0,0.76,0.11111109876543349,-0.298,6.7,0,0.05778893020378637,3.45,0.6749998312500423,1.17,4.835121822843715,Low
S_1713,3,780,0,2,3,2,0.34928570596938796,4,0.0,0,-0.121,0.57142848979593,2,0.61,0.38888884567901716,0.371,9.6,5,0.6206028591450103,4.97,0.29249992687501825,4.25,21.804983347432124,High
S_1714,1,951,0,0,1,0,0.24476189893424055,1,0.0,0,0.098,0.0,1,0.59,0.9666665592592711,0.461,4.3,5,0.4396983819853311,4.08,0.5774998556250361,1.6,9.35098346781594,Low
S_1715,3,977,0,0,3,0,0.2621428509013607,23,0.0,0,-0.327,0.1428571224489825,1,0.58,0.9444443395061846,0.176,8.1,3,0.1834170393424524,2.98,0.11749997062500733,3.21,11.095892796713068,Low
S_1716,4,1062,0,1,1,0,0.07976190286281185,14,0.0,0,-0.59,0.0,0,0.43,0.7333332518518609,0.203,8.8,2,0.10301504949370613,3.96,0.7824998043750488,3.77,12.053300122387821,Medium
S_1717,4,647,3,0,0,0,0.17142856734693887,89,0.0,0,-0.01,0.285714244897965,0,0.91,0.1444444283950635,0.027,7.8,4,0.17839191497690576,2.9,0.6899998275000431,1.83,18.79143904699893,High
S_1718,1,835,0,0,0,0,0.18333332896825408,37,0.0,0,-0.269,0.0,1,0.83,0.38888884567901716,-0.352,5.2,4,0.17336679061135912,1.81,0.22249994437501389,4.41,10.4510332033032,Low
S_1719,1,284,2,0,0,0,0.08761904553287987,10,0.33333322222225925,0,-0.491,0.0,0,0.07,0.8555554604938377,-0.22,9.4,5,0.08793967639706625,1.95,0.7349998162500458,3.92,20.78746249364409,High
S_1720,3,1116,0,2,4,0,0.04071428474489799,62,0.6666664444445185,0,-0.855,0.57142848979593,1,0.37,0.6444443728395142,-0.087,2.5,4,0.5452259936618106,3.1,0.37499990625002344,4.38,15.079558091840509,Medium
S_1721,2,214,0,0,2,0,0.12833333027777785,36,0.0,1,-0.25,0.7142856122449125,0,0.23,0.6333332629629709,0.12,8.8,0,0.25376878046010537,1.49,0.21499994625001345,2.23,13.0973396771722,Medium
S_1722,4,958,0,0,0,0,0.19785713814625863,27,0.0,0,0.797,0.857142734693895,2,0.16,0.04444443950617338,-0.372,8.4,1,0.8618088286912491,3.84,0.4299998925000269,1.66,6.738998816036389,Low
S_1723,3,348,0,0,3,1,0.3290476112131521,64,0.0,0,-0.748,0.0,2,0.09,0.31111107654321374,0.17,8.6,4,0.6231154213277835,3.49,0.9849997537500617,3.16,15.173590992097004,Medium
S_1724,2,48,0,1,1,0,0.3242857065646261,41,0.33333322222225925,0,0.587,0.7142856122449125,0,0.41,0.44444439506173394,0.054,7.2,0,0.5753767398550905,4.07,0.6374998406250397,1.71,10.113137617140852,Low
S_1725,2,850,0,0,2,0,0.581904748049887,70,0.6666664444445185,0,0.079,0.57142848979593,0,0.36,0.19999997777778025,0.322,9.1,5,0.9924620621954616,4.42,0.34749991312502176,4.15,16.120032378853924,Medium
S_1726,1,578,0,1,1,0,0.025238094637188225,21,0.0,0,0.74,0.0,0,0.07,0.2777777469135837,0.072,8.2,4,0.140703482235306,2.34,0.5324998668750333,3.96,10.178750740637689,Low
S_1727,1,471,0,0,1,0,0.25904761287981876,88,0.33333322222225925,0,0.751,0.7142856122449125,2,0.42,0.2111110876543236,-0.108,8.3,4,0.133165795686986,3.66,0.5899998525000368,2.32,9.57621249344609,Low
S_1728,3,995,0,0,1,0,0.75499998202381,56,0.33333322222225925,0,0.738,0.7142856122449125,0,0.32,0.5888888234567974,-0.097,2.6,5,0.5628139289412238,4.13,0.9724997568750606,4.68,18.13405075028977,High
S_1729,1,546,0,0,1,0,0.3185714209863948,3,0.0,0,0.042,0.4285713673469475,2,0.86,0.11111109876543349,0.068,4.3,4,0.4271355710714646,4.07,0.7349998162500458,4.89,13.959325497520936,Medium
S_1730,4,614,5,0,2,0,0.14571428224489805,83,0.0,0,0.66,0.285714244897965,1,0.4,0.4888888345679073,-0.124,6.6,0,0.2964823375672519,4.42,0.8774997806250547,4.36,32.99871973905171,High
S_1731,2,457,1,0,4,0,0.11547618772675744,78,0.0,0,-0.066,0.4285713673469475,2,0.28,0.0666666592592601,0.13,2.3,2,0.32160795939498504,2.68,0.28999992750001813,2.48,11.525179090046969,Low
S_1732,2,608,0,0,0,0,0.18833332884920645,89,0.0,0,0.911,0.0,0,0.14,0.1444444283950635,0.245,1.7,5,0.510050123102984,4.08,0.9999997500000625,1.46,6.9183828948359185,Low
S_1733,2,642,1,0,1,0,0.5923809382766443,31,0.0,0,0.126,0.9999998571428775,1,0.34,0.0666666592592601,0.413,2.2,0,0.462311441630291,3.02,0.38999990250002436,1.46,12.965453753523807,Medium
S_1734,1,485,0,0,1,0,0.07214285542517011,28,0.33333322222225925,0,-0.889,0.7142856122449125,2,0.75,0.1777777580246936,0.165,7.3,0,0.5201003718340774,2.8,0.9999997500000625,4.39,14.808432603340396,Medium
S_1735,3,795,0,1,2,0,0.17238094827664407,86,0.0,0,0.23,0.9999998571428775,2,0.95,0.7555554716049476,0.168,8.9,2,0.29145721320170526,4.43,0.8474997881250529,4.77,16.64626576338234,Medium
S_1736,3,747,0,0,1,0,0.0033333332539682565,83,0.0,0,-0.515,0.4285713673469475,0,0.58,0.2999999666666704,-0.198,6.5,2,0.9874369378299152,1.5,0.9949997512500622,2.14,8.62857907478585,Low
S_1737,4,647,2,0,1,0,0.4269047517403631,17,0.33333322222225925,0,-0.959,0.4285713673469475,1,0.85,0.255555527160497,-0.311,3.9,5,0.7110550977248498,1.8,0.4399998900000274,1.83,16.533578115788156,Medium
S_1738,3,807,3,0,2,2,0.013571428248299329,22,0.0,0,-0.028,0.285714244897965,2,0.69,0.46666661481482064,0.35,7.3,0,0.26381902919119865,3.77,0.07999998000000501,3.7,30.535961608176496,High
S_1739,1,66,0,0,2,0,0.21166666162698428,62,0.0,0,0.871,0.1428571224489825,2,0.11,0.8111110209876645,0.054,9.5,1,0.03266330837605314,4.65,0.24749993812501545,4.48,12.949710477367997,Medium
S_1740,3,1008,0,0,0,0,0.2664285650850342,36,0.0,0,-0.792,0.857142734693895,0,0.57,0.1444444283950635,-0.237,6.0,0,0.47487425254415766,1.87,0.7199998200000449,3.13,10.64777834237233,Low
S_1741,1,371,0,1,2,0,0.021904761383219968,28,0.33333322222225925,0,0.425,0.857142734693895,1,0.95,0.799999911111121,0.334,4.2,2,0.7336681573698096,3.71,0.2449999387500153,3.96,14.991667188407432,Medium
S_1742,1,1057,2,1,1,0,0.18738094791950125,86,0.0,0,-0.161,0.285714244897965,1,0.12,0.36666662592593047,-0.035,6.2,1,0.8492460177773825,1.76,0.9699997575000605,1.65,16.25281674410973,Medium
S_1743,4,582,0,1,4,0,0.3095238021541952,11,0.0,0,0.177,0.0,2,0.16,0.37777773580247387,0.032,9.5,0,0.3668340786849048,1.39,0.5574998606250349,3.45,10.507738413804983,Low
S_1744,2,825,0,1,3,0,0.07309523635487533,60,0.6666664444445185,0,0.664,0.285714244897965,2,0.66,0.4888888345679073,0.193,2.6,3,0.27889440228783857,3.6,0.6699998325000419,3.78,13.822274103185755,Medium
S_1745,3,647,2,1,0,0,0.04928571311224494,16,0.33333322222225925,0,-0.654,0.7142856122449125,1,0.65,0.4888888345679073,-0.075,2.7,0,0.258793904825652,1.24,0.6349998412500397,1.36,16.14188812152279,Medium
S_1746,3,589,0,0,3,0,0.25642856532312946,83,0.0,0,0.375,0.57142848979593,2,0.97,0.5888888234567974,0.466,5.7,2,0.9849243756471419,3.15,0.26999993250001686,2.08,10.295733386578817,Low
S_1747,3,347,0,0,0,0,0.3999999904761907,21,0.6666664444445185,0,-0.283,0.7142856122449125,2,0.11,0.1777777580246936,0.364,2.6,5,0.8567837043257023,4.62,0.7724998068750483,3.81,15.911687121401833,Medium
S_1748,4,958,1,1,1,0,0.16619047223356018,80,0.0,0,-0.275,0.4285713673469475,0,0.05,0.8666665703703812,0.351,4.8,4,0.2487436560945587,3.16,0.7374998156250461,3.45,17.28145714985037,High
S_1749,2,988,0,0,2,0,0.31023808785147416,64,0.33333322222225925,0,-0.737,0.285714244897965,1,0.53,0.8111110209876645,0.024,5.4,3,0.5527636802101307,4.94,0.7174998206250448,2.06,11.091238804440344,Low
S_1750,2,453,2,0,1,0,0.7333333158730163,48,0.0,0,-0.771,0.4285713673469475,0,0.4,0.5444443839506241,-0.19,4.0,0,0.03768843274159979,3.22,0.8774997806250547,1.31,16.723163828156526,Medium
S_1751,4,647,3,0,1,0,0.2145238044160999,74,0.0,0,0.088,0.9999998571428775,0,0.95,0.11111109876543349,0.289,3.7,4,0.19849241243909235,3.69,0.927499768125058,4.7,27.008396372519563,High
S_1752,1,910,0,1,3,0,0.15238094875283456,19,0.0,0,0.405,0.285714244897965,0,0.37,0.799999911111121,-0.191,5.4,5,0.3391958946743983,2.0,0.512499871875032,4.29,12.99076670781226,Medium
S_1753,2,470,0,0,0,0,0.5747618910770979,73,0.0,0,0.085,0.1428571224489825,2,0.62,0.1777777580246936,0.322,9.3,5,0.5376883071134907,2.51,0.8149997962500508,3.97,13.295021091816931,Medium
S_1754,4,1028,0,0,5,0,0.10333333087301594,4,0.6666664444445185,0,-0.53,0.857142734693895,2,0.12,0.09999998888889013,0.026,5.7,5,0.9170851967122621,2.48,0.7474998131250468,1.83,10.44836958496942,Low
S_1755,3,686,0,0,2,0,0.10214285471088441,59,0.33333322222225925,0,-0.795,0.57142848979593,2,0.5,0.1333333185185202,0.155,2.1,2,0.08793967639706625,2.15,0.6374998406250397,2.3,9.122224523593996,Low
S_1756,2,338,0,0,4,0,0.17452380536848083,0,0.0,0,0.358,0.7142856122449125,0,0.39,0.1333333185185202,0.039,9.6,4,0.41708532234037127,4.9,0.5699998575000356,3.07,10.12722763349127,Low
S_1757,1,226,1,0,0,0,0.22761904219954665,62,0.0,0,0.345,0.0,2,0.34,0.8444443506172944,-0.188,8.8,1,0.9522610672710885,4.02,0.6799998300000425,4.3,17.752450905721695,High
S_1758,3,82,1,0,3,0,0.2014285666326532,15,0.0,0,0.798,0.9999998571428775,0,0.91,0.6111110432098842,-0.347,5.8,2,0.7261304708214897,2.72,0.28749992812501796,1.36,11.764748870884894,Low
S_1759,2,85,0,2,0,0,0.5071428450680275,88,0.0,0,-0.224,0.0,0,0.81,0.7888888012345777,-0.468,5.6,4,0.47487425254415766,3.98,0.13999996500000875,3.19,10.086969121451991,Low
S_1760,2,841,1,0,1,0,0.5202380828514743,57,0.0,0,0.893,0.285714244897965,0,0.59,0.4888888345679073,-0.248,4.0,3,0.2512562182773321,1.61,0.21499994625001345,4.72,17.22406535283143,High
S_1761,3,180,0,1,1,0,0.10428571180272116,18,0.0,0,0.243,0.0,1,0.5,0.922222119753098,0.062,2.0,3,0.12814067132143936,2.54,0.5099998725000319,2.27,8.89166391098896,Low
S_1762,1,811,0,0,3,0,0.2647618984580501,84,0.33333322222225925,0,0.257,0.285714244897965,2,0.4,0.0888888790123468,0.447,7.2,2,0.7713565901114094,4.79,0.7449998137500465,4.22,14.2277367064854,Medium
S_1763,4,318,0,1,0,1,0.2069047569784582,22,0.0,0,0.999,0.57142848979593,1,0.02,0.4777777246913639,0.169,3.2,0,0.04271355710714644,3.79,0.21749994562501362,1.4,10.812617872958501,Low
S_1764,4,423,0,1,3,0,0.2202380899943312,30,0.33333322222225925,0,0.203,0.0,2,0.87,0.8777776802469245,-0.31,8.8,0,0.20854266117018563,4.11,0.829999792500052,3.29,12.122589223560833,Medium
S_1765,4,321,0,1,4,0,0.08404761704648532,14,0.0,0,0.34,0.9999998571428775,1,0.4,0.922222119753098,-0.362,3.5,1,0.5628139289412238,1.14,0.7799998050000487,2.47,11.357622463625827,Low
S_1766,2,644,3,0,3,0,0.5490476059750571,83,0.33333322222225925,0,0.478,0.4285713673469475,2,0.41,0.4777777246913639,0.389,2.8,1,0.070351741117653,2.39,0.18999995250001186,3.11,24.385970039477613,High
S_1767,4,1055,1,0,1,0,0.8526190273185947,89,0.33333322222225925,0,0.242,0.9999998571428775,2,0.26,0.1777777580246936,-0.219,3.1,2,0.203517536804639,1.65,0.44499988875002777,1.38,13.506707051287092,Medium
S_1768,3,841,0,0,4,0,0.2492857083503403,8,0.33333322222225925,0,0.537,0.285714244897965,2,0.74,0.0666666592592601,0.233,6.5,3,0.66582897843493,4.68,0.38749990312502414,4.46,13.346114043976488,Medium
S_1769,4,1016,0,0,2,0,0.07214285542517011,26,0.0,0,0.931,0.285714244897965,0,0.41,0.8333332407407511,-0.101,6.2,3,0.9070349479811688,3.04,0.7074998231250442,3.14,11.687891372524952,Low
S_1770,1,1067,5,0,2,0,0.04642857032312928,54,0.0,0,-0.844,0.1428571224489825,1,0.5,0.3222221864197571,0.198,6.7,0,0.30150746193279854,3.62,0.4549998862500284,3.69,30.379173749559477,High
S_1771,4,1056,5,1,1,0,0.18476190036281187,50,0.33333322222225925,0,0.246,0.9999998571428775,1,0.16,0.02222221975308669,-0.257,4.0,2,0.44974863071642446,4.34,0.7949998012500495,1.98,29.10669997451675,High
S_1772,3,797,1,1,1,0,0.09023809308956923,8,0.0,0,-0.245,0.57142848979593,2,0.78,0.45555550493827723,0.302,9.1,3,0.6407033566071968,2.28,0.9099997725000568,3.03,15.90494067528271,Medium
S_1773,4,791,1,0,1,0,0.02023809475623584,17,0.0,0,0.315,0.0,0,0.19,0.5777777135802541,0.105,2.7,3,0.19597985025631903,3.36,0.059999985000003746,1.13,8.580027245265796,Low
S_1774,1,243,2,0,0,0,0.021190475685941058,79,0.0,0,0.102,0.57142848979593,1,0.86,0.8333332407407511,0.287,8.6,1,0.7311555951870364,1.16,0.1299999675000081,3.75,20.77158365905899,High
S_1775,3,248,0,1,2,0,0.5030952261167804,58,0.0,0,0.662,0.57142848979593,0,0.19,0.0666666592592601,-0.456,5.9,5,0.9824118134643683,4.59,0.5449998637500341,2.51,9.032554176684418,Low
S_1776,1,664,1,0,3,0,0.37023808642290273,55,0.33333322222225925,0,0.938,0.857142734693895,1,0.33,0.5222221641975374,0.314,4.6,4,0.41708532234037127,3.22,0.3074999231250192,1.03,13.111751056506298,Medium
S_1777,3,122,0,0,1,0,0.05880952240929709,24,0.0,0,-0.283,0.857142734693895,1,0.4,0.0,-0.144,1.9,3,0.5979897995000504,4.51,0.28499992875001784,4.0,10.770703693615767,Low
S_1778,2,399,0,1,3,0,0.15833332956349214,48,0.33333322222225925,1,0.105,0.57142848979593,2,0.91,0.19999997777778025,-0.038,4.7,0,0.36432151650213157,3.05,0.25749993562501605,4.51,17.04117795603462,High
S_1779,4,717,0,0,6,0,0.41809522814058986,12,0.0,0,0.606,0.0,0,0.14,0.7888888012345777,-0.38,1.5,4,0.5829144264034104,2.61,0.2974999256250186,4.96,13.958866365778949,Medium
S_1780,1,1039,3,0,3,0,0.06023809380385492,54,0.0,0,-0.706,0.4285713673469475,2,0.75,0.8222221308642078,0.104,7.4,1,0.5678390533067704,2.19,0.6024998493750376,2.06,21.60536216075493,High
S_1781,3,1124,0,0,3,0,0.5128571306462588,79,0.0,0,-0.677,0.57142848979593,0,0.69,0.6666665925926009,-0.415,5.8,3,0.7487435304664496,2.33,0.704999823750044,2.67,11.350171327274976,Low
S_1782,4,434,1,1,1,0,0.040952379977324295,50,0.6666664444445185,0,-0.599,0.1428571224489825,0,0.03,0.4999999444444507,-0.075,8.2,5,0.8040198984874626,4.42,0.20249994937501267,2.68,14.327590348734333,Medium
S_1783,1,824,5,0,5,0,0.12499999702380961,38,0.33333322222225925,0,-0.298,0.857142734693895,2,0.59,0.6333332629629709,-0.272,4.1,0,0.1934672880735457,3.28,0.01499999625000095,2.71,30.08875219658846,High
S_1784,4,1028,0,0,1,0,0.619523794773243,86,0.33333322222225925,0,-0.569,0.7142856122449125,1,0.52,0.5777777135802541,-0.492,3.4,3,0.18592960152522575,2.48,0.5699998575000356,1.87,10.102404732742391,Low
S_1785,4,731,0,0,2,0,0.26785713647959203,37,0.0,0,0.212,0.1428571224489825,0,0.77,0.5999999333333408,-0.24,4.5,1,0.2211054720840522,1.94,0.12749996812500797,3.39,9.665390862670833,Low
S_1786,2,397,0,2,2,0,0.20642856651360558,28,0.33333322222225925,0,0.544,0.4285713673469475,1,0.97,0.28888885679012705,-0.439,1.4,5,0.5452259936618106,2.58,0.8124997968750508,2.7,10.035320258683782,Low
S_1787,3,156,0,0,3,0,0.09285714064625857,4,0.0,0,0.179,0.7142856122449125,2,0.24,0.8111110209876645,0.394,6.7,5,0.3869345761470914,2.31,0.9924997518750619,1.25,9.80040978928881,Low
S_1788,3,837,2,0,1,0,0.4028571332653064,48,0.33333322222225925,0,-0.192,0.285714244897965,1,0.83,0.255555527160497,-0.477,7.8,3,0.9422108185399952,1.26,0.7974998006250499,4.35,21.829876557530213,High
S_1789,2,322,0,0,2,0,0.23261904208049905,87,0.0,0,-0.901,0.857142734693895,0,0.11,0.36666662592593047,-0.317,1.8,3,0.4095476357920513,3.85,0.37499990625002344,3.68,11.397689921699177,Low
S_1790,2,1195,0,0,1,0,0.036904761026077114,83,0.33333322222225925,0,0.688,0.4285713673469475,0,0.05,0.6444443728395142,-0.47,2.5,1,0.20100497462186567,3.32,0.9499997625000594,4.84,14.742194302579431,Medium
S_1791,4,673,0,0,0,0,0.09809523575963726,22,0.0,0,-0.486,0.285714244897965,0,0.89,0.011111109876543358,-0.218,5.9,1,0.3793968895987714,2.55,0.9999997500000625,2.43,7.702443916303368,Low
S_1792,3,766,3,0,4,0,0.32523808749433125,51,0.0,0,0.597,0.0,0,0.33,0.4888888345679073,0.242,4.0,3,0.40200994924373135,1.69,0.7924998018750495,2.0,20.913390319180547,High
S_1793,3,926,1,1,4,1,0.29523808820861697,25,0.6666664444445185,0,-0.761,0.1428571224489825,2,0.83,0.11111109876543349,-0.077,9.7,4,0.2311557208151455,2.65,0.6624998343750413,1.3,15.5069165287189,Medium
S_1794,4,1125,0,1,4,0,0.09690475959750572,70,0.33333322222225925,0,0.267,0.9999998571428775,0,0.07,0.7888888012345777,0.067,1.2,1,0.08040198984874629,3.77,0.07499998125000469,4.02,14.061782015797538,Medium
S_1795,1,622,0,0,2,0,0.2652380889229027,89,0.0,0,-0.316,0.57142848979593,0,0.41,0.011111109876543358,-0.305,8.6,1,0.22613059644959885,3.39,0.17749995562501109,2.61,7.1630350836898184,Low
S_1796,4,379,0,0,1,0,0.2495238035827666,11,0.6666664444445185,0,-0.232,0.7142856122449125,0,0.58,0.9666665592592711,0.22,8.4,0,0.4095476357920513,4.41,0.1299999675000081,1.77,11.726689217141562,Low
S_1797,4,716,0,0,3,0,0.31285713540816346,57,0.0,0,-0.892,0.285714244897965,1,0.37,0.1777777580246936,0.061,5.2,3,0.17336679061135912,4.28,0.5824998543750364,4.47,12.443699669455931,Medium
S_1798,1,719,0,0,1,0,0.21333332825396842,82,0.6666664444445185,0,-0.134,0.4285713673469475,0,0.79,0.7444443617284043,-0.425,6.9,0,0.6532661675210635,2.16,0.44999988750002806,2.27,10.973741080495689,Low
S_1799,3,272,0,1,2,1,0.2311904706859412,82,0.0,0,0.805,0.285714244897965,1,0.43,0.11111109876543349,0.268,8.1,5,0.7537686548319962,2.82,0.8574997856250535,2.0,12.603101424232158,Medium
S_1800,1,147,0,1,2,0,0.2840476122845807,78,0.0,0,-0.109,0.57142848979593,0,0.24,0.6888888123456876,0.312,9.7,3,0.6608038540693834,1.44,0.8374997906250522,1.35,9.721469688802152,Low
S_1801,4,1157,0,2,2,0,0.1854761860600908,0,0.0,0,-0.835,0.285714244897965,1,0.84,0.7111110320987744,0.169,3.7,1,0.5603013667584505,3.88,0.7099998225000443,3.85,13.279491156031064,Medium
S_1802,1,534,0,1,2,0,0.39261903827097533,43,0.0,0,-0.738,0.0,0,0.12,0.09999998888889013,-0.23,6.0,5,0.6783917893487966,3.52,0.6299998425000394,1.86,6.676248555828472,Low
S_1803,1,579,0,0,1,0,0.06857142693877556,12,0.33333322222225925,0,0.792,0.57142848979593,1,0.85,0.8444443506172944,0.349,9.4,0,0.9271354454433554,2.46,0.3024999243750189,3.24,13.59203927312024,Medium
S_1804,2,196,0,0,2,0,0.22261904231859428,0,0.33333322222225925,0,-0.53,0.0,1,0.53,0.07777776913580343,-0.14,8.5,2,0.8994972614328488,1.04,0.654999836250041,3.09,10.010687034962901,Low
S_1805,3,420,0,1,1,1,0.34666665841269867,77,0.6666664444445185,0,0.397,0.285714244897965,2,0.08,0.7111110320987744,0.042,7.4,4,0.5552762423929039,1.12,0.9474997631250592,1.52,15.319036663306925,Medium
S_1806,3,925,0,0,4,0,0.12357142562925176,80,0.33333322222225925,0,0.025,0.7142856122449125,2,0.11,0.0666666592592601,0.326,9.2,2,0.9020098236156222,4.17,0.039999990000002476,1.93,8.493294949437766,Low
S_1807,2,987,0,0,2,0,0.2197618995294786,51,0.0,0,-0.548,0.9999998571428775,2,0.88,0.4777777246913639,0.486,6.3,1,0.21105522335295898,3.8,0.5749998562500359,3.82,14.065673522801314,Medium
S_1808,4,99,0,1,1,0,0.3564285629421771,10,0.0,0,0.572,0.57142848979593,1,0.7,0.766666581481491,0.215,4.8,5,0.9422108185399952,1.1,0.4974998756250311,3.24,13.359352982652922,Medium
S_1809,2,759,0,0,2,0,0.43238094208616806,11,0.33333322222225925,0,0.757,0.57142848979593,2,0.59,0.15555553827160687,-0.166,2.9,2,0.45728631726474434,4.78,0.7949998012500495,3.5,12.621952007096805,Medium
S_1810,1,1086,0,0,3,0,0.2552380891609979,40,0.0,0,0.007,0.9999998571428775,0,0.8,0.5222221641975374,0.446,6.8,0,0.9623113160021818,3.73,0.03499999125000216,3.23,12.716691772863548,Medium
S_1811,2,905,0,0,2,0,0.5366666538888892,75,0.33333322222225925,0,0.13,0.4285713673469475,2,0.25,0.699999922222231,-0.457,6.9,2,0.5226129340168507,4.02,0.23249994187501452,1.28,8.200754947460915,Low
S_1812,4,635,0,2,1,0,0.1014285690136055,10,0.0,0,-0.509,0.0,1,0.34,0.16666664814815021,0.323,7.2,2,0.017587935279413262,2.46,0.96249975937506,2.92,9.2328731055148,Low
S_1813,1,427,0,0,0,0,0.28809523123582786,83,0.0,0,0.908,0.9999998571428775,2,0.6,0.11111109876543349,0.451,1.4,0,0.10301504949370613,1.5,0.5524998618750345,3.79,12.887633477533313,Medium
S_1814,1,241,0,1,3,0,0.13547618725056695,11,0.0,0,0.103,0.285714244897965,2,0.93,0.5888888234567974,0.023,9.9,3,0.525125496199624,3.06,0.44499988875002777,1.96,8.125648795617703,Low
S_1815,4,1026,3,0,3,0,0.015238094875283456,5,0.6666664444445185,0,-0.625,0.285714244897965,2,0.35,0.1333333185185202,-0.451,6.6,4,0.37688432741599814,1.78,0.024999993750001583,2.41,19.3620263782269,High
S_1816,3,400,3,1,2,0,0.049761903577097547,63,0.33333322222225925,0,0.987,0.857142734693895,1,0.99,0.26666663703704035,-0.235,7.7,5,0.0603014923865597,2.88,0.3699999075000231,3.26,22.513872065283586,High
S_1817,3,356,0,1,2,0,0.03214285637755104,5,0.33333322222225925,0,-0.11,0.57142848979593,1,0.27,0.28888885679012705,-0.457,6.3,4,0.8366832068635157,3.52,0.3049999237500191,3.53,10.698634840125226,Low
S_1818,2,667,3,0,1,0,0.5173809400623586,50,0.0,0,-0.98,0.7142856122449125,1,0.3,0.28888885679012705,0.375,3.8,0,0.5226129340168507,3.91,0.6024998493750376,2.94,24.20499324781421,High
S_1819,4,266,0,1,4,0,0.20595237604875297,44,0.33333322222225925,0,-0.018,0.9999998571428775,1,0.96,0.255555527160497,0.289,5.2,5,0.9698490025505018,4.75,0.1549999612500097,4.27,14.782372015630804,Medium
S_1820,1,761,0,1,2,0,0.06880952217120186,30,0.33333322222225925,0,0.643,0.285714244897965,2,0.51,0.988888779012358,-0.313,7.1,1,0.3819094517815448,4.5,0.9999997500000625,3.15,12.800432011795056,Medium
S_1821,3,746,0,0,1,0,0.24571427986394573,63,0.0,0,-0.505,0.57142848979593,0,0.94,0.6555554827160576,0.446,8.0,0,0.37437176523322474,4.54,0.19749995062501235,1.56,8.628037933815119,Low
S_1822,1,124,3,1,0,0,0.41785713290816356,51,0.0,0,-0.581,0.857142734693895,2,0.47,0.511111054320994,-0.05,3.2,3,0.4648240038130644,4.58,0.6674998331250417,3.65,25.50101370113841,High
S_1823,2,1050,0,0,1,0,0.05571428438775514,75,0.33333322222225925,0,0.03,0.285714244897965,1,0.47,0.36666662592593047,-0.098,3.2,5,0.13567835786975935,1.61,0.5249998687500328,4.86,13.54824898277359,Medium
S_1824,2,1193,0,0,2,0,0.1604761866553289,14,0.0,0,-0.672,0.4285713673469475,1,0.3,0.4333332851851906,0.436,7.4,4,0.5527636802101307,1.17,0.22249994437501389,3.15,10.808334719175612,Low
S_1825,1,275,0,1,1,0,0.278809517171202,26,0.0,0,0.615,0.4285713673469475,1,0.38,0.6111110432098842,-0.304,4.8,3,0.41708532234037127,4.57,0.3924999018750245,3.86,11.840989541927573,Low
S_1826,2,412,0,0,0,0,0.12619047318594112,80,0.0,0,-0.59,0.4285713673469475,0,0.87,0.2999999666666704,0.198,6.6,0,0.9145726345294888,1.72,0.7274998181250455,3.42,11.741286325031309,Low
S_1827,2,1080,3,0,1,0,0.09190475971655335,59,0.33333322222225925,0,-0.745,0.4285713673469475,1,0.6,0.9666665592592711,-0.147,7.9,5,0.4648240038130644,2.85,0.2974999256250186,2.94,23.67868021335125,High
S_1828,2,408,0,0,2,0,0.303095230878685,88,0.0,0,-0.481,0.7142856122449125,1,0.31,0.5333332740740807,0.143,1.6,4,0.17336679061135912,1.29,0.23499994125001467,1.95,8.76722341245951,Low
S_1829,2,191,0,0,1,0,0.08119047425736967,25,0.6666664444445185,1,-0.762,0.857142734693895,1,0.87,0.5555554938271674,0.235,7.4,0,0.8090450228530094,4.85,0.2274999431250142,4.57,20.498567616078,High
S_1830,4,455,1,1,1,0,0.12166666376984134,62,0.6666664444445185,0,0.86,0.57142848979593,2,0.93,0.33333329629630043,0.282,1.0,2,0.3115577106638917,1.36,0.32249991937502015,1.62,13.268413742537774,Medium
S_1831,2,62,0,0,2,0,0.13833333003968262,76,0.0,0,-0.751,0.4285713673469475,0,0.94,0.0,0.461,5.4,3,0.9246228832605821,1.73,0.6849998287500428,1.11,6.708765265573611,Low
S_1832,4,189,1,1,2,0,0.2202380899943312,74,0.9999996666667778,0,0.337,0.285714244897965,1,0.49,0.24444441728395366,-0.46,6.1,4,0.6457284809727434,3.4,0.8274997931250516,3.42,17.186203078853964,High
S_1833,3,135,5,0,4,0,0.3095238021541952,22,0.0,0,-0.333,0.0,0,0.91,0.26666663703704035,0.291,3.7,2,0.23869340736346548,1.8,0.8449997887500528,4.06,32.359264302437275,High
S_1834,1,870,0,0,3,0,0.21690475674036297,2,0.33333322222225925,0,-0.756,0.57142848979593,2,0.93,0.46666661481482064,0.425,4.9,3,0.4346732576197845,2.93,0.9424997643750588,2.67,12.70324354729409,Medium
S_1835,1,427,0,0,1,0,0.31309523064058975,83,0.6666664444445185,0,0.876,0.857142734693895,1,0.25,0.16666664814815021,-0.37,4.2,4,0.6884420380798898,1.45,0.06749998312500421,2.89,11.017012443417464,Low
S_1836,4,1109,2,0,1,0,0.3145238020351476,64,0.0,0,0.657,0.7142856122449125,0,0.75,0.5222221641975374,-0.095,3.2,1,0.9723615647332751,1.63,0.207499948125013,2.8,18.73617058417118,High
S_1837,2,396,2,0,3,0,0.07404761728458055,63,0.0,0,0.484,0.0,2,0.66,0.3222221864197571,-0.185,7.3,1,0.783919401025276,3.05,0.6674998331250417,1.15,13.237728478388373,Medium
S_1838,2,277,1,0,3,0,0.2561904700907031,68,0.33333322222225925,0,0.283,0.285714244897965,2,0.14,0.1777777580246936,-0.446,8.4,4,0.876884201787889,4.06,0.2774999306250173,1.29,9.993216903846822,Low
S_1839,4,463,1,0,2,0,0.0714285697278912,79,0.33333322222225925,0,-0.376,0.0,2,0.6,0.8111110209876645,-0.473,7.6,4,0.728643033004263,1.73,0.8549997862500534,1.84,12.820261044317816,Medium
S_1840,2,768,0,1,0,0,0.10857142598639462,13,0.0,0,0.767,0.285714244897965,1,0.19,0.44444439506173394,-0.416,4.9,4,0.39447226269541136,2.49,0.272499931875017,2.04,6.417948079385761,Low
S_1841,4,125,1,0,1,0,0.18785713838435386,15,0.33333322222225925,0,-0.266,0.857142734693895,2,0.12,0.799999911111121,0.085,5.2,5,0.7537686548319962,3.76,0.14249996437500892,2.32,15.526624868123008,Medium
S_1842,2,704,0,0,2,0,0.14428571085034023,63,0.0,1,0.466,0.1428571224489825,2,0.39,0.33333329629630043,-0.031,9.0,4,0.2412059695462388,4.97,0.8924997768750558,1.19,10.062776789634237,Low
S_1843,1,280,0,0,1,0,0.29809523099773266,57,0.33333322222225925,0,-0.795,0.0,0,0.82,0.8111110209876645,0.189,1.1,5,0.31909539721221175,3.9,0.5799998550000361,4.8,15.784713529835251,Medium
S_1844,2,1121,0,0,3,0,0.321904754240363,48,0.0,0,0.625,0.57142848979593,2,0.51,0.9666665592592711,0.216,1.5,3,0.5226129340168507,3.28,0.829999792500052,2.18,11.983183439107718,Low
S_1845,2,383,0,0,1,0,0.12119047330498874,50,0.0,0,-0.985,0.1428571224489825,1,0.69,0.8555554604938377,0.008,6.3,2,0.3718592030504515,3.81,0.8149997962500508,3.92,13.073810841844997,Medium
S_1846,2,898,2,0,0,0,0.09952380715419507,8,0.33333322222225925,0,0.697,0.285714244897965,2,0.56,0.3222221864197571,0.121,4.6,0,0.28894465101893185,2.39,0.654999836250041,3.4,19.477610460703577,High
S_1847,1,1081,0,1,2,0,0.08999999785714291,78,0.33333322222225925,0,0.994,0.0,1,0.61,0.38888884567901716,-0.106,5.0,4,0.9447233807227687,2.17,0.6624998343750413,1.16,6.814389246748108,Low
S_1848,1,724,0,0,2,0,0.03952380858276647,24,0.0,0,0.699,0.57142848979593,2,0.16,0.46666661481482064,0.217,1.8,1,0.2185929099012789,1.72,0.7399998150000462,2.93,10.654020789685994,Low
S_1849,1,832,0,0,2,0,0.0959523786678005,40,0.33333322222225925,0,-0.445,0.0,2,0.12,0.9666665592592711,0.168,2.9,2,0.3819094517815448,4.55,0.6124998468750383,2.6,11.330765625979614,Low
S_1850,4,41,0,2,5,0,0.11142856877551027,35,0.0,0,-0.48,0.7142856122449125,2,0.11,0.5222221641975374,0.284,9.0,2,0.41959788452314456,1.02,0.10499997375000654,3.85,12.227121255432127,Medium
S_1851,3,766,0,1,1,1,0.4388095133616783,83,0.0,0,-0.453,0.9999998571428775,0,0.68,0.799999911111121,0.495,1.0,2,0.45979887944751774,3.2,0.11999997000000749,1.2,13.806226807151686,Medium
S_1852,3,1116,0,0,0,0,0.3488095155045354,25,0.33333322222225925,0,0.211,0.0,0,0.52,0.6333332629629709,0.002,9.9,0,0.8743716396051157,3.27,0.5149998712500322,2.35,10.554799384174476,Low
S_1853,3,1003,0,0,3,0,0.11238094970521548,60,0.6666664444445185,0,-0.122,0.1428571224489825,2,0.88,0.03333332962963005,0.287,5.0,2,0.5527636802101307,3.46,0.9024997743750565,3.51,12.6746196451963,Medium
S_1854,1,513,1,0,4,0,0.10952380691609984,19,0.0,0,-0.663,0.857142734693895,2,0.3,0.5777777135802541,0.335,8.5,0,0.8115575850357827,1.61,0.2774999306250173,3.61,17.03274747716267,High
S_1855,4,970,3,0,3,0,0.2676190412471657,41,0.0,0,-0.852,0.9999998571428775,0,0.24,0.7222221419753176,0.218,4.9,4,0.5854269885861838,4.22,0.5774998556250361,1.83,22.80594996378946,High
S_1856,2,50,1,0,3,0,0.23857142289115665,55,0.0,0,-0.763,0.1428571224489825,1,0.46,0.16666664814815021,-0.214,4.0,4,0.9597987538194085,3.7,0.47749988062502985,2.33,11.648226973085354,Low
S_1857,4,1074,1,1,1,0,0.541190463304989,46,0.0,0,0.9,0.9999998571428775,2,0.83,0.2999999666666704,-0.14,9.3,1,0.9346731319916755,3.42,0.754999811250047,1.04,12.768243758692503,Medium
S_1858,4,156,0,0,0,0,0.17214285304421778,40,0.0,0,-0.655,0.857142734693895,2,0.72,0.0666666592592601,-0.275,8.4,0,0.08793967639706625,2.31,0.6824998293750426,4.3,11.933653341445375,Low
S_1859,2,727,3,0,3,0,0.33023808737528365,37,0.6666664444445185,0,-0.215,0.285714244897965,1,0.77,0.44444439506173394,0.118,6.8,2,0.8793967639706621,2.79,0.9774997556250611,2.63,25.22587154566132,High
S_1860,2,553,0,0,0,0,0.1792857100170069,20,0.0,0,-0.851,0.0,1,0.96,0.6111110432098842,0.265,6.3,2,0.16834166624581248,1.06,0.4524998868750283,1.68,7.334531699676543,Low
S_1861,2,564,0,0,2,0,0.15642856770408173,43,0.0,1,0.165,0.1428571224489825,0,0.51,0.38888884567901716,0.292,2.1,3,0.8341706446807424,4.64,0.22999994250001435,4.13,16.059837014728032,Medium
S_1862,4,372,2,0,3,0,0.2964285643707485,20,0.0,0,0.651,0.9999998571428775,2,0.62,0.23333330740741032,0.176,8.5,4,0.6206028591450103,1.73,0.0299999925000019,3.32,19.261888173765247,High
S_1863,4,610,1,0,3,0,0.056428570085034054,53,0.33333322222225925,0,0.61,0.0,0,0.63,0.6555554827160576,-0.1,5.1,3,0.9597987538194085,1.74,0.767499808125048,2.57,14.570750195139556,Medium
S_1864,3,171,0,0,3,0,0.2802380885657598,41,0.33333322222225925,0,-0.269,0.0,0,0.74,0.1444444283950635,0.185,7.4,3,0.5276380583823974,3.46,0.6649998337500416,2.49,9.481684943431729,Low
S_1865,1,1199,0,1,1,0,0.04952380834467123,16,0.0,0,0.08,0.7142856122449125,0,0.65,0.9444443395061846,0.327,2.8,2,0.24371853172901212,2.54,0.79999980000005,3.77,14.448193799771504,Medium
S_1866,4,887,0,0,0,0,0.23904761335600924,16,0.33333322222225925,0,0.174,0.4285713673469475,0,0.47,0.511111054320994,0.023,6.7,1,0.4396983819853311,1.17,0.9874997531250618,2.7,11.96831629262714,Low
S_1867,4,89,0,1,0,0,0.47690475054988696,30,0.0,0,0.345,0.0,1,1.0,0.5888888234567974,-0.469,3.7,1,0.2185929099012789,3.97,0.3499999125000218,3.53,10.237973456921376,Low
S_1868,1,218,2,0,2,0,0.3830952289739231,39,0.0,0,-0.732,0.57142848979593,0,0.32,0.8444443506172944,0.017,9.4,1,0.17839191497690576,3.28,0.0949999762500059,2.56,18.34786758584243,High
S_1869,2,1123,1,0,2,2,0.47738094101473955,43,0.33333322222225925,0,-0.244,0.57142848979593,1,0.1,0.03333332962963005,0.089,6.3,2,0.9673364403677286,3.96,0.8399997900000525,3.24,24.98033547855958,High
S_1870,1,291,0,0,3,0,0.3049999927380954,80,0.0,0,0.866,0.57142848979593,0,0.01,0.02222221975308669,0.08,4.6,0,0.8693465152395691,1.63,0.16249995937501013,3.04,9.558870051054996,Low
S_1871,1,335,0,0,0,0,0.08119047425736967,40,0.33333322222225925,0,-0.707,0.7142856122449125,2,0.87,0.18888886790123693,-0.134,5.8,2,0.7989947741219161,3.67,0.019999995000001266,4.18,12.16980368175434,Medium
S_1872,3,1154,0,1,0,0,0.4049999903571431,42,0.33333322222225925,0,0.749,0.9999998571428775,0,0.18,0.011111109876543358,-0.031,8.5,3,0.09296480076261285,4.81,0.6749998312500423,2.83,11.28929714491629,Low
S_1873,3,190,1,0,0,0,0.249047613117914,12,0.0,0,0.716,0.857142734693895,0,0.06,0.04444443950617338,-0.157,5.4,2,0.6432159187899702,2.39,0.8924997768750558,3.94,16.588977099800132,Medium
S_1874,3,1085,0,0,3,0,0.3449999917857145,39,0.33333322222225925,0,0.28,0.9999998571428775,0,0.64,0.4333332851851906,-0.108,1.2,5,0.9723615647332751,2.88,0.4599998850000287,1.45,9.91136054659858,Low
S_1875,1,340,0,2,0,0,0.3502380868990932,29,0.0,0,-0.71,0.0,1,0.36,0.0888888790123468,0.089,2.5,3,0.5175878096513041,4.71,0.21749994562501362,1.77,5.987968598635652,Low
S_1876,2,606,0,1,2,0,0.07547618867913837,42,0.9999996666667778,0,0.488,0.7142856122449125,1,0.38,0.7888888012345777,-0.287,2.7,2,0.10301504949370613,4.45,0.29999992500001876,3.44,14.03068009372505,Medium
S_1877,1,586,2,1,0,0,0.03809523718820864,52,0.0,0,0.331,0.1428571224489825,0,0.86,0.02222221975308669,-0.062,6.6,0,0.09045223857983951,3.9,0.1074999731250067,3.9,16.448118800551704,Medium
S_1878,1,178,0,0,2,0,0.09404761680839008,86,0.33333322222225925,0,0.376,0.4285713673469475,0,0.53,0.6666665925926009,0.393,5.8,3,0.140703482235306,4.74,0.042499989375002635,4.39,13.930988490548955,Medium
S_1879,2,843,5,0,3,0,0.29928570715986413,5,0.33333322222225925,0,0.388,0.9999998571428775,1,0.64,0.38888884567901716,0.388,5.3,0,0.07537686548319963,1.31,0.3124999218750195,3.67,33.88089974870242,High
S_1880,3,1087,0,1,2,0,0.16404761514172345,28,0.0,0,-0.608,0.1428571224489825,2,0.61,0.766666581481491,-0.081,9.0,4,0.5628139289412238,1.26,0.40999989750002563,3.29,10.878670558708883,Low
S_1881,4,344,0,1,0,0,0.05738095101473927,15,0.33333322222225925,0,0.148,0.9999998571428775,1,0.48,0.7333332518518609,0.436,7.6,1,0.010050248731093293,1.81,0.4524998868750283,2.07,11.299192012033483,Low
S_1882,2,980,2,1,1,0,0.28642856460884375,24,0.0,0,-0.951,0.1428571224489825,1,0.58,0.33333329629630043,-0.141,8.4,4,0.44723606853365105,2.3,0.11749997062500733,4.57,19.685235837397066,High
S_1883,3,250,0,0,1,0,0.3723809435147395,59,0.0,0,-0.928,0.1428571224489825,2,0.03,0.6555554827160576,-0.478,9.7,3,0.3693466408676782,1.46,0.5249998687500328,1.82,7.4728699019581,Low
S_1884,2,201,0,0,4,0,0.113571425867347,54,0.33333322222225925,0,0.06,0.0,2,0.41,0.02222221975308669,-0.161,9.0,2,0.5653264911239971,3.38,0.5799998550000361,2.97,8.750706804652149,Low
S_1885,2,342,0,2,2,0,0.06904761740362816,85,0.0,0,0.538,0.4285713673469475,2,0.54,0.255555527160497,0.18,6.9,3,0.6206028591450103,2.21,0.5799998550000361,4.37,12.711554737531353,Medium
S_1886,3,179,3,1,2,0,0.2771428505442179,28,0.0,0,0.177,0.57142848979593,2,0.39,0.8111110209876645,-0.327,9.9,4,0.3869345761470914,2.29,0.9374997656250585,3.8,25.615552701584715,High
S_1887,3,1067,0,0,0,0,0.23499999440476207,63,0.0,0,0.939,0.1428571224489825,1,0.38,0.2777777469135837,-0.423,9.5,1,0.4095476357920513,2.98,0.14249996437500892,1.29,4.252595033395072,Low
S_1888,1,32,0,1,3,0,0.20380951895691624,0,0.33333322222225925,0,-0.834,0.857142734693895,2,0.25,0.5555554938271674,-0.149,6.8,3,0.5452259936618106,4.64,0.9774997556250611,3.93,15.054605679318751,Medium
S_1889,1,700,0,0,1,0,0.05880952240929709,3,0.33333322222225925,0,-0.707,0.4285713673469475,0,0.75,0.1333333185185202,-0.26,7.8,4,0.4522611928991977,2.17,0.44749988812502794,1.83,6.920831893293379,Low
S_1890,1,1146,0,0,1,0,0.25761904148526094,9,0.0,0,0.423,0.57142848979593,2,0.66,0.28888885679012705,0.217,8.8,3,0.3517587055882649,1.51,0.017499995625001107,1.49,6.583139371256291,Low
S_1891,2,626,0,1,1,0,0.0942857120408164,65,0.33333322222225925,0,-0.115,0.1428571224489825,0,0.65,0.766666581481491,-0.271,5.2,5,0.9874369378299152,3.49,0.12749996812500797,2.39,9.349007666211595,Low
S_1892,3,324,0,0,4,0,0.05452380822562362,20,0.33333322222225925,0,0.24,0.7142856122449125,2,0.86,0.5777777135802541,0.038,6.4,0,0.8743716396051157,3.59,0.1299999675000081,2.45,10.435847031179367,Low
S_1893,3,865,0,0,1,0,0.2914285644897961,13,0.0,0,-0.115,0.857142734693895,2,0.27,0.8666665703703812,0.395,9.7,2,0.9296480076261286,1.83,0.9399997650000587,4.1,16.988218411594566,Medium
S_1894,1,1109,5,1,2,0,0.1559523772392291,68,0.0,0,-0.44,0.1428571224489825,0,0.7,0.03333332962963005,-0.062,9.8,3,0.09547736294538617,2.05,0.2674999331250167,4.31,29.980048594699962,High
S_1895,1,870,0,1,0,0,0.1776190433900228,79,0.33333322222225925,0,-0.306,0.4285713673469475,0,0.03,0.8111110209876645,-0.288,5.8,1,0.6256279835105568,4.26,0.9499997625000594,2.6,11.97296010300441,Low
S_1896,1,283,0,0,2,0,0.26619046985260786,76,0.0,0,0.593,0.9999998571428775,0,0.46,0.12222220864197683,0.208,8.4,0,0.6381907944244235,3.73,0.512499871875032,3.57,12.384428287943997,Medium
S_1897,2,376,2,0,3,1,0.19309523349773258,87,0.0,0,0.725,0.857142734693895,0,0.85,0.5888888234567974,-0.007,8.3,5,0.5804018642206371,3.74,0.9774997556250611,3.96,26.50163901572214,High
S_1898,3,582,0,0,0,0,0.09809523575963726,9,0.0,0,-0.668,0.285714244897965,0,0.27,0.7777776913580343,-0.409,3.0,2,0.030150746193279822,4.03,0.38249990437502385,4.98,13.136197826092273,Medium
S_1899,3,831,1,1,3,0,0.10547618796485267,1,0.0,0,-0.543,0.9999998571428775,2,0.74,0.3222221864197571,0.208,9.4,4,0.6482410431555168,4.78,0.7649998087500477,4.39,18.657335498095197,High
S_1900,2,198,0,0,1,0,0.3949999905952383,10,0.33333322222225925,0,0.681,0.0,2,0.48,0.02222221975308669,0.499,3.8,1,0.08291455203151961,4.79,0.5299998675000331,3.12,10.632580584743339,Low
S_1901,4,124,0,1,1,0,0.01976190429138323,34,0.0,0,0.225,0.1428571224489825,2,0.55,0.0888888790123468,0.081,8.3,3,0.4396983819853311,2.19,0.042499989375002635,3.67,8.63836495554449,Low
S_1902,4,596,0,0,1,0,0.13785713957483,62,0.33333322222225925,0,0.03,0.1428571224489825,0,0.53,0.9777776691358147,0.487,5.1,4,0.5175878096513041,1.82,0.63999984000004,2.04,11.48420582734806,Low
S_1903,1,835,0,0,0,0,0.3552380867800456,82,0.0,0,-0.647,0.9999998571428775,0,0.17,0.0888888790123468,0.396,9.1,3,0.020100497462186586,2.76,0.9324997668750583,1.17,8.349480642875236,Low
S_1904,2,277,0,0,3,0,0.14023809189909306,47,0.33333322222225925,0,0.114,0.4285713673469475,1,0.59,0.4999999444444507,-0.225,9.6,1,0.03266330837605314,2.18,0.8324997918750521,4.69,14.405519402517461,Medium
S_1905,3,759,1,1,1,0,0.27619046961451266,41,0.33333322222225925,0,0.701,0.0,2,0.44,0.1333333185185202,-0.161,8.0,2,0.36180895431935817,3.32,0.3849999037500241,4.7,16.438379792885282,Medium
S_1906,4,613,0,0,2,0,0.054761903458049925,42,0.0,1,-0.338,0.7142856122449125,1,0.78,0.7333332518518609,-0.498,3.5,1,0.7412058439181297,1.25,0.7599998100000475,2.03,13.118062154337782,Medium
S_1907,3,1036,1,0,3,1,0.032380951609977345,46,0.33333322222225925,0,-0.37,0.7142856122449125,2,0.16,0.9555554493827279,-0.143,7.7,2,0.7185927842731697,2.21,0.059999985000003746,1.99,17.924972848407897,High
S_1908,4,936,0,0,3,0,0.17976190048185953,14,0.33333322222225925,0,-0.34,0.7142856122449125,0,0.15,0.5777777135802541,0.458,8.8,2,0.19597985025631903,2.05,0.09749997562500606,3.0,12.008169534849275,Low
S_1909,4,744,3,0,0,0,0.43904760859410463,67,0.33333322222225925,0,0.771,0.0,2,0.1,0.8333332407407511,0.345,6.0,2,0.08291455203151961,3.79,0.3699999075000231,4.44,27.21005658170291,High
S_1910,2,93,0,0,3,0,0.08666666460317467,2,0.6666664444445185,0,-0.526,0.57142848979593,2,0.54,0.6555554827160576,-0.288,3.1,1,0.8517585799601558,4.01,0.6949998262500434,4.23,15.495280987343357,Medium
S_1911,4,73,0,0,0,0,0.29999999285714307,27,0.33333322222225925,0,0.0,0.9999998571428775,0,0.59,0.7888888012345777,-0.166,6.9,2,0.05778893020378637,2.07,0.04999998750000311,2.63,11.352454668431488,Low
S_1912,3,1185,0,0,0,0,0.10976190214852613,66,0.0,0,0.629,0.57142848979593,0,0.95,0.9444443395061846,-0.088,9.2,3,0.0603014923865597,3.62,0.7374998156250461,3.87,13.404776828192645,Medium
S_1913,4,636,0,0,1,0,0.05999999857142861,22,0.33333322222225925,0,0.053,0.4285713673469475,0,0.79,0.3999999555555605,0.386,6.1,1,0.3241205215777584,2.04,0.14999996250000938,3.28,11.193262710319416,Low
S_1914,4,126,0,0,1,0,0.0,55,0.33333322222225925,0,0.528,0.285714244897965,0,0.83,0.26666663703704035,0.273,2.7,2,0.4371858198025578,4.68,0.9649997587500604,2.79,10.864613404876508,Low
S_1915,4,501,0,0,0,0,0.045952379858276673,69,0.33333322222225925,0,0.239,0.9999998571428775,1,0.63,0.7111110320987744,-0.209,4.4,4,0.5979897995000504,4.49,0.754999811250047,1.44,9.84117903882383,Low
S_1916,1,710,0,1,0,0,0.19142856687074844,23,0.0,0,0.175,0.0,1,0.39,0.511111054320994,0.217,1.1,1,0.39447226269541136,2.03,0.9399997650000587,2.15,9.116090656270757,Low
S_1917,3,440,0,1,1,0,0.3497618964342406,1,0.33333322222225925,1,0.088,0.9999998571428775,2,0.59,0.18888886790123693,-0.405,7.6,3,0.20854266117018563,4.54,0.974999756250061,3.38,16.724493847629272,Medium
S_1918,4,828,0,0,2,0,0.3019047547165535,61,0.0,0,0.919,0.7142856122449125,1,0.31,0.16666664814815021,0.014,9.3,4,0.022613059644959906,4.58,0.44499988875002777,1.68,7.134898270228952,Low
S_1919,4,116,0,1,4,0,0.2738095172902496,85,0.0,0,0.468,0.857142734693895,1,0.43,0.1333333185185202,-0.461,8.9,3,0.1432160444180793,1.54,0.4749998812500297,4.11,11.326929783732238,Low
S_1920,1,762,0,0,1,0,0.04904761787981863,85,0.6666664444445185,0,-0.162,0.7142856122449125,0,0.2,0.3999999555555605,0.178,3.3,3,0.8718590774223424,2.24,0.974999756250061,1.68,11.313571868051982,Low
S_1921,3,1144,1,0,3,0,0.17738094815759647,81,0.33333322222225925,0,0.141,0.1428571224489825,1,0.07,0.18888886790123693,-0.176,2.3,3,0.603014923865597,3.08,0.5274998681250329,1.77,11.230538019856905,Low
S_1922,3,150,1,0,2,2,0.24761904172335616,34,0.0,0,-0.029,0.857142734693895,1,0.71,0.9555554493827279,0.067,3.3,1,0.3316582081260783,4.38,0.8849997787500553,1.11,21.77946670833223,High
S_1923,1,1178,2,0,2,0,0.2804761837981861,6,0.0,0,0.043,0.857142734693895,1,0.14,0.0666666592592601,0.153,5.5,1,0.47487425254415766,3.26,0.32499991875002027,3.16,18.506588088604328,High
S_1924,3,66,0,0,4,0,0.5011904642573699,82,0.33333322222225925,0,0.199,0.9999998571428775,1,0.59,0.16666664814815021,0.103,8.0,3,0.9045223857983955,2.33,0.5774998556250361,2.39,12.049092815217563,Medium
S_1925,1,829,2,0,0,0,0.2190476138321997,59,0.0,0,-0.446,0.57142848979593,0,0.83,0.9444443395061846,0.236,9.1,3,0.344221019039945,3.65,0.47249988187502956,3.08,20.554553622397016,High
S_1926,1,311,0,1,3,0,0.09214285494897967,77,0.33333322222225925,0,0.679,0.857142734693895,0,0.94,0.46666661481482064,0.498,2.4,1,0.6005023616828237,4.99,0.9324997668750583,1.97,11.79221544077891,Low
S_1927,2,328,0,0,2,0,0.24499999416666685,16,0.0,0,0.536,0.857142734693895,2,0.32,0.44444439506173394,-0.491,1.2,5,0.11306529822479942,2.73,0.7499998125000469,3.93,12.273683560297886,Medium
S_1928,3,486,0,0,1,0,0.129999996904762,77,0.0,0,-0.096,0.285714244897965,2,0.83,0.3444444061728437,0.111,3.1,5,0.5452259936618106,2.28,0.4224998943750264,1.66,6.9269874814406105,Low
S_1929,2,1017,0,1,1,0,0.4319047516213155,20,0.0,0,0.359,0.285714244897965,2,0.47,0.8888887901234679,-0.174,7.3,0,0.8115575850357827,1.43,0.1999999500000125,2.76,10.917366600066089,Low
S_1930,1,99,0,1,0,0,0.3119047544784583,59,0.6666664444445185,0,-0.859,0.857142734693895,1,0.73,0.8111110209876645,0.273,5.2,0,0.9447233807227687,4.73,0.9174997706250573,3.21,16.829055051092595,Medium
S_1931,4,345,0,0,2,0,0.1438095203854876,27,0.0,0,0.92,0.285714244897965,1,0.52,0.9666665592592711,-0.376,6.0,1,0.954773629453862,4.24,0.07749998062500485,1.3,6.860630319434078,Low
S_1932,2,969,0,0,3,0,0.032380951609977345,46,0.0,0,0.778,0.4285713673469475,0,0.74,0.5222221641975374,0.371,5.9,0,0.510050123102984,4.08,0.6624998343750413,4.99,15.078001873969507,Medium
S_1933,2,765,3,2,2,0,0.332857134931973,37,0.0,0,0.258,0.1428571224489825,2,0.72,0.2111110876543236,0.44,3.8,3,0.3693466408676782,2.59,0.08499997875000533,1.98,19.296965511024545,High
S_1934,3,343,1,1,0,0,0.25142856544217707,67,0.33333322222225925,0,0.855,0.857142734693895,1,0.61,0.12222220864197683,0.204,8.5,5,0.9095475101639421,3.97,0.4074998981250254,3.87,17.707784764721023,High
S_1935,2,908,0,0,2,0,0.38499999083333364,26,0.9999996666667778,0,-0.184,0.57142848979593,2,0.44,0.3555555160493872,0.086,6.4,4,0.9723615647332751,2.77,0.44249988937502766,1.94,12.273883843723688,Medium
S_1936,1,1060,0,0,3,1,0.9311904540192749,67,0.0,0,-0.273,0.4285713673469475,1,0.97,0.4333332851851906,-0.285,3.9,3,0.25376878046010537,2.53,0.6124998468750383,4.75,19.359482426517474,High
S_1937,2,813,0,0,3,0,0.13190475876417243,21,0.0,0,-0.457,0.9999998571428775,0,0.65,0.45555550493827723,0.121,9.9,4,0.030150746193279822,4.89,0.5549998612500348,1.57,8.284530974086454,Low
S_1938,1,674,0,0,0,0,0.31595237342970545,36,0.0,0,0.671,0.9999998571428775,1,0.7,0.8999999000000112,0.099,7.2,4,0.8040198984874626,4.47,0.0949999762500059,2.02,10.87987638556238,Low
S_1939,1,264,0,1,1,0,0.45357141777210913,66,0.33333322222225925,0,-0.707,0.4285713673469475,1,0.64,0.766666581481491,0.268,4.3,5,0.9321605698089022,3.14,0.9224997693750577,1.93,12.69101650768049,Medium
S_1940,2,663,3,1,1,0,0.0719047601927438,66,0.0,0,-0.484,0.4285713673469475,1,0.49,0.46666661481482064,0.226,6.7,3,0.8040198984874626,4.36,0.09749997562500606,4.72,25.36387670945406,High
S_1941,1,766,3,1,3,0,0.04809523695011341,70,0.0,0,-0.035,0.57142848979593,0,0.19,0.7777776913580343,-0.108,2.0,1,0.5577888045756773,2.24,0.7724998068750483,1.72,20.947264182842076,High
S_1942,3,866,1,0,2,0,0.09285714064625857,35,0.0,0,-0.514,0.4285713673469475,2,0.82,0.255555527160497,0.229,6.7,1,0.8793967639706621,1.33,0.6349998412500397,4.19,16.889777184584904,Medium
S_1943,1,701,0,0,3,0,0.7395237919161003,9,0.33333322222225925,0,0.185,0.857142734693895,1,0.04,0.7444443617284043,-0.495,5.0,2,0.9974871865610084,3.32,0.2749999312500172,2.8,13.323676646049124,Medium
S_1944,1,893,1,1,1,2,0.3185714209863948,7,0.0,0,-0.578,0.0,1,0.15,0.36666662592593047,0.259,9.5,3,0.258793904825652,2.56,0.7824998043750488,2.57,21.537507654312723,High
S_1945,4,848,0,1,1,0,0.6185714138435379,56,0.0,0,0.419,0.7142856122449125,0,0.55,0.23333330740741032,0.319,2.2,5,0.5854269885861838,3.98,0.6974998256250435,2.53,11.66271202807894,Low
S_1946,3,796,3,1,1,0,0.20071428093537427,22,0.0,0,0.893,0.1428571224489825,1,0.95,0.26666663703704035,-0.242,1.5,5,0.4824119390924776,4.17,0.2599999350000162,3.82,21.84626880790772,High
S_1947,1,153,0,0,2,0,0.041428570442176904,52,0.33333322222225925,0,0.667,0.7142856122449125,0,0.53,0.3999999555555605,0.348,1.2,5,0.1934672880735457,4.76,0.7174998206250448,3.01,12.09732339847345,Medium
S_1948,3,1038,0,0,1,0,0.053333332063492105,80,0.0,0,0.134,0.4285713673469475,1,0.95,0.19999997777778025,0.24,9.4,4,0.41959788452314456,1.74,0.23749994062501484,1.35,5.691740429990887,Low
S_1949,2,1119,0,0,2,0,0.5030952261167804,7,0.0,0,0.03,0.9999998571428775,1,0.65,0.5777777135802541,-0.312,10.0,4,0.3391958946743983,4.88,0.6824998293750426,3.73,13.782814086801341,Medium
S_1950,4,867,0,0,1,0,0.029285713588435392,42,0.0,0,-0.652,0.9999998571428775,0,0.06,0.44444439506173394,0.078,8.8,3,0.8316580824979692,4.17,0.7924998018750495,1.89,9.773847726484332,Low
S_1951,3,474,0,0,2,0,0.31142856401360564,40,0.0,0,0.332,0.9999998571428775,1,0.41,0.6555554827160576,0.441,5.6,0,0.07286430330042631,2.2,0.47749988062502985,2.54,11.89081591902523,Low
S_1952,2,299,0,0,2,0,0.07880952193310663,55,0.0,0,-0.901,0.285714244897965,2,0.17,0.5333332740740807,-0.299,3.3,4,0.8366832068635157,3.77,0.3099999225000194,1.34,5.946539929681046,Low
S_1953,2,346,0,0,1,0,0.009285714064625857,32,0.0,0,0.66,0.857142734693895,0,0.37,0.7111110320987744,-0.39,7.0,0,0.9723615647332751,1.59,0.3399999150000212,4.91,14.567837102611309,Medium
S_1954,4,136,0,0,1,0,0.4607142747448983,28,0.0,0,0.481,0.285714244897965,1,0.14,0.36666662592593047,-0.38,7.5,0,0.979899251281595,4.54,0.5724998568750358,2.92,10.258470156840083,Low
S_1955,4,1152,0,1,1,0,0.08476190274376423,34,0.0,0,-0.047,0.0,2,0.58,0.8999999000000112,0.092,5.3,0,0.2964823375672519,1.62,0.15249996187500955,2.69,9.119767669548597,Low
S_1956,1,1139,2,0,2,1,0.08523809320861683,16,0.0,0,-0.511,0.285714244897965,1,0.35,0.8888887901234679,-0.48,8.1,3,0.7688440279286362,3.49,0.7899998025000494,2.03,20.94265277272092,High
S_1957,3,607,0,0,4,0,0.1364285681802722,24,0.0,0,0.096,0.285714244897965,1,0.4,0.5666666037037107,-0.006,5.9,2,0.9045223857983955,2.03,0.7649998087500477,4.85,14.803236008746369,Medium
S_1958,3,612,1,0,3,0,0.059523808106576,20,0.0,0,-0.537,0.857142734693895,2,0.0,0.9666665592592711,0.338,9.2,2,0.0,1.52,0.79999980000005,2.75,16.568856171485432,Medium
S_1959,2,476,0,0,0,0,0.2947618977437644,79,0.33333322222225925,1,-0.294,0.4285713673469475,2,0.22,0.9333332296296413,0.451,5.3,5,0.12311554695589272,1.83,0.1299999675000081,4.86,20.546543265436796,High
S_1960,1,800,0,0,4,0,0.18595237652494342,17,0.0,0,-0.865,0.7142856122449125,1,0.25,0.4111110654321039,0.355,5.2,3,0.7035174111765298,1.54,0.1999999500000125,2.63,10.293278861537521,Low
S_1961,2,57,0,0,1,0,0.41785713290816356,47,0.0,0,0.922,0.857142734693895,0,0.05,0.8555554604938377,0.102,5.6,3,0.23869340736346548,3.04,0.6124998468750383,2.04,11.282216350707337,Low
S_1962,3,1126,1,0,2,0,0.0949999977380953,72,0.0,0,-0.809,0.857142734693895,2,0.22,0.44444439506173394,0.499,4.5,0,0.133165795686986,4.96,0.8499997875000532,3.43,17.02378401847437,High
S_1963,4,647,0,0,1,0,0.27142856496598655,43,0.0,0,0.141,0.1428571224489825,2,0.7,0.1777777580246936,-0.152,9.1,5,0.6180902969622369,1.62,0.20999994750001313,1.06,4.487423405832269,Low
S_1964,1,772,0,1,1,1,0.3964285619897962,43,0.6666664444445185,0,-0.815,0.1428571224489825,1,0.67,0.33333329629630043,0.229,6.3,4,0.06783917893487967,3.29,0.6199998450000387,3.83,17.900838022024768,High
S_1965,4,246,2,0,2,1,0.07523809344671206,68,0.33333322222225925,0,0.559,0.857142734693895,1,0.89,0.19999997777778025,0.449,4.6,0,0.9170851967122621,2.98,0.5899998525000368,4.41,27.35508425144038,High
S_1966,1,1041,0,0,0,0,0.08047618856009076,48,0.33333322222225925,0,-0.299,0.7142856122449125,2,0.58,0.38888884567901716,-0.288,9.7,4,0.7638189035630895,1.71,0.29249992687501825,3.96,12.529484751187052,Medium
S_1967,2,1116,0,0,2,0,0.21166666162698428,19,0.33333322222225925,0,0.916,0.0,0,0.05,0.1777777580246936,0.136,2.0,3,0.6507536053382901,4.91,0.9149997712500572,3.94,12.801086073460215,Medium
S_1968,4,774,1,0,1,0,0.24690475602607728,22,0.0,0,0.451,0.9999998571428775,1,0.44,0.5666666037037107,0.039,8.4,1,0.07788942766597295,2.89,0.39749990062502477,3.07,15.531603022391142,Medium
S_1969,2,69,2,0,2,0,0.04023809428004538,60,0.0,0,0.438,0.0,0,0.36,0.8333332407407511,-0.012,7.3,4,0.3567838299538115,4.94,0.9324997668750583,2.86,18.53849736876632,High
S_1970,3,140,0,0,0,0,0.15738094863378693,23,0.0,0,-0.162,0.0,0,0.39,0.1333333185185202,-0.144,9.9,2,0.5201003718340774,3.28,0.15999996000000996,3.52,8.464243093291019,Low
S_1971,2,558,2,0,0,0,0.20738094744331081,16,0.0,0,-0.243,0.857142734693895,1,0.89,0.4888888345679073,0.04,2.8,4,0.022613059644959906,4.55,0.25499993625001594,2.92,18.255707747566436,High
S_1972,3,322,3,0,1,0,0.056428570085034054,70,0.0,0,-0.802,0.4285713673469475,1,0.95,0.7222221419753176,0.304,7.6,1,0.20854266117018563,4.54,0.5199998700000324,3.03,23.1096372720452,High
S_1973,4,985,3,0,1,0,0.14738094887188216,67,0.0,0,0.701,0.1428571224489825,0,0.88,0.011111109876543358,0.311,6.0,5,0.017587935279413262,1.35,0.4599998850000287,2.15,18.620778126422714,High
S_1974,2,1095,3,2,0,0,0.3133333258730161,22,0.0,1,-0.421,0.9999998571428775,0,0.51,0.5555554938271674,-0.094,8.3,5,0.8542711421429291,1.51,0.3624999093750227,2.04,26.07793713427928,High
S_1975,3,924,0,0,3,0,0.12452380655895698,22,0.0,0,-0.447,0.7142856122449125,2,0.49,0.3222221864197571,-0.244,8.7,5,0.5351757449307173,4.14,0.5099998725000319,2.7,9.235984693356748,Low
S_1976,3,591,0,1,0,0,0.021428570918367362,40,0.33333322222225925,0,-0.471,0.285714244897965,1,0.82,0.8888887901234679,-0.278,5.0,1,0.6231154213277835,2.13,0.3399999150000212,2.88,10.809495490916039,Low
S_1977,3,710,0,0,2,0,0.058095236712018175,81,0.0,0,-0.507,0.285714244897965,0,0.2,0.2999999666666704,0.006,3.9,4,0.407035073609278,3.31,0.5849998537500365,3.92,11.074748881041346,Low
S_1978,3,336,0,0,2,0,0.2249999946428573,51,0.0,0,0.355,0.1428571224489825,2,0.62,0.4777777246913639,-0.257,2.1,5,0.020100497462186586,2.28,0.3099999225000194,3.23,8.980147745362855,Low
S_1979,2,120,0,1,0,0,0.08452380751133792,51,0.0,0,-0.101,0.7142856122449125,0,0.69,0.24444441728395366,0.484,4.3,3,0.25376878046010537,4.43,0.23249994187501452,4.53,13.162244563085835,Medium
S_1980,1,1194,0,1,2,0,0.4078571331462587,88,0.0,0,-0.663,0.0,1,0.0,0.11111109876543349,-0.362,8.1,3,0.11809042259034608,2.8,0.5424998643750338,4.21,10.455994847075491,Low
S_1981,4,986,0,0,4,0,0.11190475924036286,18,0.0,0,-0.564,0.57142848979593,2,0.01,0.9111110098765545,-0.416,4.1,3,0.30402002411557183,3.46,0.5824998543750364,3.48,11.808924019808256,Low
S_1982,3,690,0,0,2,0,0.4049999903571431,59,0.6666664444445185,0,-0.873,0.1428571224489825,1,0.74,0.9444443395061846,-0.031,2.1,0,0.11809042259034608,2.35,0.06749998312500421,2.25,11.025136956661857,Low
S_1983,2,1043,0,0,0,0,0.26619046985260786,57,0.33333322222225925,0,-0.353,0.7142856122449125,2,0.36,0.6111110432098842,0.473,5.7,5,0.9447233807227687,3.44,0.44499988875002777,1.38,10.601198588566902,Low
S_1984,4,629,0,0,1,0,0.7319047444784585,54,0.0,0,0.045,0.7142856122449125,2,0.72,0.7444443617284043,0.089,1.5,1,0.39195970051263807,1.47,0.47999988000002997,2.68,12.747578003623111,Medium
S_1985,2,176,0,0,0,0,0.043333332301587334,39,0.0,0,-0.439,0.285714244897965,0,0.71,0.9111110098765545,0.009,6.5,1,0.4145727601575979,4.1,0.8674997831250542,1.96,9.52233384273806,Low
S_1986,3,384,0,0,1,0,0.3566666581746034,74,0.0,0,-0.634,0.9999998571428775,0,0.06,0.8111110209876645,0.343,3.3,0,0.07537686548319963,2.94,0.414999896250026,2.93,12.95470940975581,Medium
S_1987,1,591,1,3,1,0,0.19023809070861689,24,0.0,0,-0.491,0.57142848979593,1,0.58,0.8333332407407511,0.241,8.6,2,0.15075373096639927,2.56,0.4824998793750302,2.66,15.131324463656425,Medium
S_1988,4,1167,0,0,0,0,0.15642856770408173,58,0.0,0,0.199,0.1428571224489825,0,0.79,0.36666662592593047,0.08,6.1,0,0.2512562182773321,2.77,0.07999998000000501,1.26,4.946256004065344,Low
S_1989,3,1085,0,0,2,0,0.07166666496031751,12,0.0,0,0.692,0.0,1,0.47,0.36666662592593047,-0.348,1.0,2,0.2939697753844785,2.93,0.6199998450000387,4.21,10.5729693380433,Low
S_1990,1,876,5,1,2,0,0.07857142670068033,25,0.0,0,0.329,0.1428571224489825,2,0.43,0.799999911111121,0.331,9.2,5,0.30402002411557183,2.67,0.48499987875003026,1.65,28.157448039949003,High
S_1991,1,410,0,1,1,0,0.5828571289795922,47,0.0,0,-0.438,0.1428571224489825,1,0.23,0.3222221864197571,0.335,2.3,4,0.5351757449307173,3.11,0.39749990062502477,2.32,9.64112773727678,Low
S_1992,2,280,1,0,3,0,0.0652380936848073,86,0.0,0,-0.301,0.7142856122449125,1,0.47,0.02222221975308669,0.203,4.2,4,0.6909546002626632,4.97,0.012499996875000792,3.7,14.212906758816173,Medium
S_1993,3,661,2,0,2,0,0.14023809189909306,69,0.0,0,-0.944,0.285714244897965,1,0.98,0.02222221975308669,0.398,5.4,2,0.21608034771850557,4.98,0.32249991937502015,1.92,14.555889611221016,Medium
S_1994,4,1007,0,1,3,0,0.16380951990929715,81,0.33333322222225925,0,-0.623,0.857142734693895,2,0.36,0.46666661481482064,-0.172,7.2,0,0.8241203959496491,3.05,0.7299998175000456,3.78,14.10583357117666,Medium
S_1995,3,436,0,0,1,0,0.13547618725056695,33,0.33333322222225925,0,-0.411,0.1428571224489825,2,0.98,0.5555554938271674,-0.461,6.7,0,0.9246228832605821,5.0,0.3499999125000218,4.12,12.301431663058572,Medium
S_1996,4,754,3,0,1,0,0.3080952307596374,46,0.33333322222225925,0,0.538,0.1428571224489825,0,0.31,0.33333329629630043,0.306,2.5,5,0.67336666498325,4.77,0.7224998193750451,1.66,21.260365796465898,High
S_1997,1,423,0,2,2,0,0.12761904458049894,40,0.0,1,0.47,0.7142856122449125,2,0.59,0.988888779012358,0.176,1.6,1,0.399497387060958,3.58,0.032499991875002,3.97,17.53459206607936,High
S_1998,1,617,2,1,1,0,0.016190475804988672,10,0.0,0,-0.111,0.1428571224489825,2,0.5,0.45555550493827723,0.46,3.0,5,0.070351741117653,2.2,0.04999998750000311,4.19,19.171303903245423,High
S_1999,2,105,0,0,2,0,0.4202380852324266,72,0.33333322222225925,0,0.79,0.9999998571428775,1,0.21,0.4777777246913639,0.117,4.0,0,0.37688432741599814,4.69,0.35499991125002217,3.83,14.674930960639948,Medium
